[{"model": "admin.logentry", "pk": 1, "fields": {"action_time": "2025-03-15T13:38:54.120Z", "user": 1, "content_type": 7, "object_id": "1", "object_repr": "AlexNick03", "action_flag": 2, "change_message": "[{\"changed\": {\"fields\": [\"First name\", \"Last name\"]}}]"}}, {"model": "admin.logentry", "pk": 2, "fields": {"action_time": "2025-03-15T15:28:36.702Z", "user": 1, "content_type": 7, "object_id": "2", "object_repr": "Mester", "action_flag": 3, "change_message": ""}}, {"model": "admin.logentry", "pk": 3, "fields": {"action_time": "2025-03-15T16:05:25.496Z", "user": 1, "content_type": 7, "object_id": "3", "object_repr": "Mester", "action_flag": 3, "change_message": ""}}, {"model": "admin.logentry", "pk": 4, "fields": {"action_time": "2025-05-29T19:00:42.401Z", "user": 1, "content_type": 12, "object_id": "1", "object_repr": "Supplements", "action_flag": 1, "change_message": "[{\"added\": {}}]"}}, {"model": "admin.logentry", "pk": 5, "fields": {"action_time": "2025-05-30T18:26:46.983Z", "user": 1, "content_type": 7, "object_id": "9", "object_repr": "Alexino", "action_flag": 3, "change_message": ""}}, {"model": "admin.logentry", "pk": 6, "fields": {"action_time": "2025-05-30T18:34:08.357Z", "user": 1, "content_type": 7, "object_id": "10", "object_repr": "Alexnio", "action_flag": 3, "change_message": ""}}, {"model": "admin.logentry", "pk": 7, "fields": {"action_time": "2025-05-31T16:13:02.904Z", "user": 1, "content_type": 7, "object_id": "6", "object_repr": "Guster", "action_flag": 3, "change_message": ""}}, {"model": "admin.logentry", "pk": 8, "fields": {"action_time": "2025-05-31T17:21:37.940Z", "user": 1, "content_type": 7, "object_id": "9", "object_repr": "Alexino", "action_flag": 3, "change_message": ""}}, {"model": "admin.logentry", "pk": 9, "fields": {"action_time": "2025-05-31T18:01:40.373Z", "user": 1, "content_type": 7, "object_id": "9", "object_repr": "Alexino", "action_flag": 3, "change_message": ""}}, {"model": "admin.logentry", "pk": 10, "fields": {"action_time": "2025-05-31T18:08:25.263Z", "user": 1, "content_type": 7, "object_id": "10", "object_repr": "Alexino", "action_flag": 3, "change_message": ""}}, {"model": "admin.logentry", "pk": 11, "fields": {"action_time": "2025-05-31T18:11:57.049Z", "user": 1, "content_type": 7, "object_id": "11", "object_repr": "Alexino", "action_flag": 3, "change_message": ""}}, {"model": "admin.logentry", "pk": 12, "fields": {"action_time": "2025-05-31T18:29:15.244Z", "user": 1, "content_type": 7, "object_id": "12", "object_repr": "Alexino", "action_flag": 3, "change_message": ""}}, {"model": "admin.logentry", "pk": 13, "fields": {"action_time": "2025-05-31T18:30:39.631Z", "user": 1, "content_type": 7, "object_id": "13", "object_repr": "Alexino", "action_flag": 3, "change_message": ""}}, {"model": "admin.logentry", "pk": 14, "fields": {"action_time": "2025-06-01T06:34:23.570Z", "user": 1, "content_type": 7, "object_id": "14", "object_repr": "Alexino", "action_flag": 3, "change_message": ""}}, {"model": "admin.logentry", "pk": 15, "fields": {"action_time": "2025-06-01T06:43:42.642Z", "user": 1, "content_type": 7, "object_id": "15", "object_repr": "Alexino", "action_flag": 3, "change_message": ""}}, {"model": "admin.logentry", "pk": 16, "fields": {"action_time": "2025-06-01T06:46:48.623Z", "user": 1, "content_type": 7, "object_id": "16", "object_repr": "Alexino", "action_flag": 3, "change_message": ""}}, {"model": "admin.logentry", "pk": 17, "fields": {"action_time": "2025-06-01T06:49:32.348Z", "user": 1, "content_type": 7, "object_id": "17", "object_repr": "Alexino", "action_flag": 3, "change_message": ""}}, {"model": "admin.logentry", "pk": 18, "fields": {"action_time": "2025-06-01T07:16:40.842Z", "user": 1, "content_type": 7, "object_id": "18", "object_repr": "Alexino", "action_flag": 3, "change_message": ""}}, {"model": "admin.logentry", "pk": 19, "fields": {"action_time": "2025-06-01T07:28:18.861Z", "user": 1, "content_type": 7, "object_id": "19", "object_repr": "Alexino", "action_flag": 3, "change_message": ""}}, {"model": "admin.logentry", "pk": 20, "fields": {"action_time": "2025-06-01T07:35:51.987Z", "user": 1, "content_type": 7, "object_id": "20", "object_repr": "Alexino", "action_flag": 3, "change_message": ""}}, {"model": "admin.logentry", "pk": 21, "fields": {"action_time": "2025-06-03T16:52:08.796Z", "user": 1, "content_type": 15, "object_id": "1", "object_repr": "Creatina", "action_flag": 1, "change_message": "[{\"added\": {}}]"}}, {"model": "admin.logentry", "pk": 22, "fields": {"action_time": "2025-06-03T16:52:25.946Z", "user": 1, "content_type": 15, "object_id": "2", "object_repr": "Pudra proteica", "action_flag": 1, "change_message": "[{\"added\": {}}]"}}, {"model": "admin.logentry", "pk": 23, "fields": {"action_time": "2025-06-03T16:52:38.069Z", "user": 1, "content_type": 15, "object_id": "3", "object_repr": "Baton proteic", "action_flag": 1, "change_message": "[{\"added\": {}}]"}}, {"model": "admin.logentry", "pk": 24, "fields": {"action_time": "2025-06-03T16:52:44.364Z", "user": 1, "content_type": 15, "object_id": "4", "object_repr": "Preworkout", "action_flag": 1, "change_message": "[{\"added\": {}}]"}}, {"model": "admin.logentry", "pk": 25, "fields": {"action_time": "2025-06-03T16:56:14.814Z", "user": 1, "content_type": 15, "object_id": "3", "object_repr": "Baton proteic", "action_flag": 3, "change_message": ""}}, {"model": "admin.logentry", "pk": 26, "fields": {"action_time": "2025-06-03T16:56:17.267Z", "user": 1, "content_type": 15, "object_id": "1", "object_repr": "Creatina", "action_flag": 3, "change_message": ""}}, {"model": "admin.logentry", "pk": 27, "fields": {"action_time": "2025-06-03T16:56:19.636Z", "user": 1, "content_type": 15, "object_id": "4", "object_repr": "Preworkout", "action_flag": 3, "change_message": ""}}, {"model": "admin.logentry", "pk": 28, "fields": {"action_time": "2025-06-03T16:56:21.989Z", "user": 1, "content_type": 15, "object_id": "2", "object_repr": "Pudra proteica", "action_flag": 3, "change_message": ""}}, {"model": "admin.logentry", "pk": 29, "fields": {"action_time": "2025-06-03T16:56:47.664Z", "user": 1, "content_type": 11, "object_id": "79", "object_repr": "CreForce", "action_flag": 2, "change_message": "[{\"changed\": {\"fields\": [\"Image\", \"Tags\"]}}]"}}, {"model": "admin.logentry", "pk": 30, "fields": {"action_time": "2025-06-03T17:03:34.041Z", "user": 1, "content_type": 12, "object_id": "2", "object_repr": "Clothes", "action_flag": 1, "change_message": "[{\"added\": {}}]"}}, {"model": "admin.logentry", "pk": 31, "fields": {"action_time": "2025-06-03T17:09:57.533Z", "user": 1, "content_type": 11, "object_id": "78", "object_repr": "BlastCre", "action_flag": 2, "change_message": "[{\"changed\": {\"fields\": [\"Image\", \"Tags\"]}}]"}}, {"model": "admin.logentry", "pk": 32, "fields": {"action_time": "2025-06-03T17:10:53.521Z", "user": 1, "content_type": 11, "object_id": "77", "object_repr": "CreX", "action_flag": 2, "change_message": "[{\"changed\": {\"fields\": [\"Image\", \"Tags\"]}}]"}}, {"model": "admin.logentry", "pk": 33, "fields": {"action_time": "2025-06-03T17:11:05.976Z", "user": 1, "content_type": 11, "object_id": "76", "object_repr": "HyperCre", "action_flag": 2, "change_message": "[{\"changed\": {\"fields\": [\"Image\", \"Tags\"]}}]"}}, {"model": "admin.logentry", "pk": 34, "fields": {"action_time": "2025-06-03T17:11:35.885Z", "user": 1, "content_type": 11, "object_id": "75", "object_repr": "PureCreatine", "action_flag": 2, "change_message": "[{\"changed\": {\"fields\": [\"Image\", \"Tags\"]}}]"}}, {"model": "admin.logentry", "pk": 35, "fields": {"action_time": "2025-06-03T17:12:28.112Z", "user": 1, "content_type": 11, "object_id": "74", "object_repr": "UltraCre", "action_flag": 2, "change_message": "[{\"changed\": {\"fields\": [\"Image\", \"Tags\"]}}]"}}, {"model": "admin.logentry", "pk": 36, "fields": {"action_time": "2025-06-03T17:12:59.302Z", "user": 1, "content_type": 11, "object_id": "73", "object_repr": "MegaCre", "action_flag": 2, "change_message": "[{\"changed\": {\"fields\": [\"Image\", \"Tags\"]}}]"}}, {"model": "admin.logentry", "pk": 37, "fields": {"action_time": "2025-06-03T17:13:15.756Z", "user": 1, "content_type": 11, "object_id": "72", "object_repr": "MonoCre", "action_flag": 2, "change_message": "[{\"changed\": {\"fields\": [\"Image\", \"Tags\"]}}]"}}, {"model": "admin.logentry", "pk": 38, "fields": {"action_time": "2025-06-03T17:13:43.177Z", "user": 1, "content_type": 11, "object_id": "70", "object_repr": "SnackPro", "action_flag": 2, "change_message": "[{\"changed\": {\"fields\": [\"Image\", \"Tags\"]}}]"}}, {"model": "admin.logentry", "pk": 39, "fields": {"action_time": "2025-06-03T17:14:05.685Z", "user": 1, "content_type": 11, "object_id": "70", "object_repr": "SnackPro", "action_flag": 2, "change_message": "[{\"changed\": {\"fields\": [\"Image\"]}}]"}}, {"model": "admin.logentry", "pk": 40, "fields": {"action_time": "2025-06-03T17:14:31.552Z", "user": 1, "content_type": 11, "object_id": "72", "object_repr": "MonoCre", "action_flag": 2, "change_message": "[{\"changed\": {\"fields\": [\"Image\", \"Tags\"]}}]"}}, {"model": "admin.logentry", "pk": 41, "fields": {"action_time": "2025-06-03T17:14:44.531Z", "user": 1, "content_type": 11, "object_id": "70", "object_repr": "SnackPro", "action_flag": 2, "change_message": "[{\"changed\": {\"fields\": [\"Image\", \"Tags\"]}}]"}}, {"model": "admin.logentry", "pk": 42, "fields": {"action_time": "2025-06-03T17:20:49.658Z", "user": 1, "content_type": 11, "object_id": "69", "object_repr": "ProSnack", "action_flag": 2, "change_message": "[{\"changed\": {\"fields\": [\"Image\", \"Tags\"]}}]"}}, {"model": "admin.logentry", "pk": 43, "fields": {"action_time": "2025-06-03T17:21:05.907Z", "user": 1, "content_type": 11, "object_id": "68", "object_repr": "MaxBar", "action_flag": 2, "change_message": "[{\"changed\": {\"fields\": [\"Image\", \"Tags\"]}}]"}}, {"model": "admin.logentry", "pk": 44, "fields": {"action_time": "2025-06-03T17:21:22.557Z", "user": 1, "content_type": 11, "object_id": "67", "object_repr": "EnergyBite", "action_flag": 2, "change_message": "[{\"changed\": {\"fields\": [\"Image\", \"Tags\"]}}]"}}, {"model": "admin.logentry", "pk": 45, "fields": {"action_time": "2025-06-03T17:21:32.659Z", "user": 1, "content_type": 11, "object_id": "66", "object_repr": "ChocoCrunch", "action_flag": 2, "change_message": "[{\"changed\": {\"fields\": [\"Image\", \"Tags\"]}}]"}}, {"model": "admin.logentry", "pk": 46, "fields": {"action_time": "2025-06-03T17:22:00.883Z", "user": 1, "content_type": 11, "object_id": "65", "object_repr": "Ignite", "action_flag": 2, "change_message": "[{\"changed\": {\"fields\": [\"Image\", \"Tags\"]}}]"}}, {"model": "admin.logentry", "pk": 47, "fields": {"action_time": "2025-06-03T17:22:24.167Z", "user": 1, "content_type": 11, "object_id": "64", "object_repr": "StormForce", "action_flag": 2, "change_message": "[{\"changed\": {\"fields\": [\"Image\", \"Tags\"]}}]"}}, {"model": "admin.logentry", "pk": 48, "fields": {"action_time": "2025-06-03T17:22:44.251Z", "user": 1, "content_type": 11, "object_id": "63", "object_repr": "NitroBlast", "action_flag": 2, "change_message": "[{\"changed\": {\"fields\": [\"Image\", \"Tags\"]}}]"}}, {"model": "admin.logentry", "pk": 49, "fields": {"action_time": "2025-06-03T17:23:06.336Z", "user": 1, "content_type": 11, "object_id": "62", "object_repr": "RageBoost", "action_flag": 2, "change_message": "[{\"changed\": {\"fields\": [\"Image\", \"Tags\"]}}]"}}, {"model": "admin.logentry", "pk": 50, "fields": {"action_time": "2025-06-03T17:23:29.009Z", "user": 1, "content_type": 11, "object_id": "61", "object_repr": "PumpFuel", "action_flag": 2, "change_message": "[{\"changed\": {\"fields\": [\"Image\", \"Tags\"]}}]"}}, {"model": "admin.logentry", "pk": 51, "fields": {"action_time": "2025-06-03T17:23:55.263Z", "user": 1, "content_type": 11, "object_id": "60", "object_repr": "HyperWhey", "action_flag": 2, "change_message": "[{\"changed\": {\"fields\": [\"Image\", \"Tags\"]}}]"}}, {"model": "admin.logentry", "pk": 52, "fields": {"action_time": "2025-06-03T17:24:15.503Z", "user": 1, "content_type": 11, "object_id": "59", "object_repr": "UltraMass", "action_flag": 2, "change_message": "[{\"changed\": {\"fields\": [\"Image\", \"Tags\"]}}]"}}, {"model": "admin.logentry", "pk": 53, "fields": {"action_time": "2025-06-03T17:24:34.886Z", "user": 1, "content_type": 11, "object_id": "58", "object_repr": "MaxWhey", "action_flag": 2, "change_message": "[{\"changed\": {\"fields\": [\"Image\", \"Tags\"]}}]"}}, {"model": "admin.logentry", "pk": 54, "fields": {"action_time": "2025-06-03T17:24:51.494Z", "user": 1, "content_type": 11, "object_id": "57", "object_repr": "IsoPure", "action_flag": 2, "change_message": "[{\"changed\": {\"fields\": [\"Image\", \"Tags\"]}}]"}}, {"model": "admin.logentry", "pk": 55, "fields": {"action_time": "2025-06-03T17:25:07.952Z", "user": 1, "content_type": 11, "object_id": "56", "object_repr": "PowerMix", "action_flag": 2, "change_message": "[{\"changed\": {\"fields\": [\"Image\", \"Tags\"]}}]"}}, {"model": "admin.logentry", "pk": 56, "fields": {"action_time": "2025-06-03T17:26:35.974Z", "user": 1, "content_type": 11, "object_id": "55", "object_repr": "MassFusion", "action_flag": 2, "change_message": "[{\"changed\": {\"fields\": [\"Image\", \"Tags\"]}}]"}}, {"model": "admin.logentry", "pk": 57, "fields": {"action_time": "2025-06-03T17:26:56.413Z", "user": 1, "content_type": 11, "object_id": "54", "object_repr": "LeanPro", "action_flag": 2, "change_message": "[{\"changed\": {\"fields\": [\"Image\", \"Tags\"]}}]"}}, {"model": "admin.logentry", "pk": 58, "fields": {"action_time": "2025-06-03T17:27:12.196Z", "user": 1, "content_type": 11, "object_id": "53", "object_repr": "ProMax", "action_flag": 2, "change_message": "[{\"changed\": {\"fields\": [\"Image\", \"Tags\"]}}]"}}, {"model": "admin.logentry", "pk": 59, "fields": {"action_time": "2025-06-03T17:27:24.531Z", "user": 1, "content_type": 11, "object_id": "52", "object_repr": "MaxWhey", "action_flag": 2, "change_message": "[{\"changed\": {\"fields\": [\"Image\", \"Tags\"]}}]"}}, {"model": "admin.logentry", "pk": 60, "fields": {"action_time": "2025-06-03T17:27:40.004Z", "user": 1, "content_type": 11, "object_id": "51", "object_repr": "UltraWhey", "action_flag": 2, "change_message": "[{\"changed\": {\"fields\": [\"Image\", \"Tags\"]}}]"}}, {"model": "admin.logentry", "pk": 61, "fields": {"action_time": "2025-06-03T19:41:35.967Z", "user": 1, "content_type": 11, "object_id": "71", "object_repr": "ChocoFuel", "action_flag": 2, "change_message": "[{\"changed\": {\"fields\": [\"Tags\"]}}]"}}, {"model": "admin.logentry", "pk": 62, "fields": {"action_time": "2025-06-03T19:41:58.245Z", "user": 1, "content_type": 11, "object_id": "71", "object_repr": "ChocoFuel", "action_flag": 2, "change_message": "[{\"changed\": {\"fields\": [\"Image\"]}}]"}}, {"model": "admin.logentry", "pk": 63, "fields": {"action_time": "2025-06-04T14:33:59.999Z", "user": 1, "content_type": 11, "object_id": "79", "object_repr": "CreForce", "action_flag": 2, "change_message": "[{\"changed\": {\"fields\": [\"Stock\"]}}]"}}, {"model": "admin.logentry", "pk": 64, "fields": {"action_time": "2025-06-04T14:34:13.692Z", "user": 1, "content_type": 11, "object_id": "78", "object_repr": "BlastCre", "action_flag": 2, "change_message": "[{\"changed\": {\"fields\": [\"Stock\"]}}]"}}, {"model": "admin.logentry", "pk": 65, "fields": {"action_time": "2025-06-04T14:34:31.463Z", "user": 1, "content_type": 11, "object_id": "77", "object_repr": "CreX", "action_flag": 2, "change_message": "[{\"changed\": {\"fields\": [\"Stock\"]}}]"}}, {"model": "admin.logentry", "pk": 66, "fields": {"action_time": "2025-06-04T14:34:39.990Z", "user": 1, "content_type": 11, "object_id": "76", "object_repr": "HyperCre", "action_flag": 2, "change_message": "[{\"changed\": {\"fields\": [\"Stock\"]}}]"}}, {"model": "admin.logentry", "pk": 67, "fields": {"action_time": "2025-06-04T14:36:08.390Z", "user": 1, "content_type": 11, "object_id": "74", "object_repr": "UltraCre", "action_flag": 2, "change_message": "[{\"changed\": {\"fields\": [\"Stock\"]}}]"}}, {"model": "admin.logentry", "pk": 68, "fields": {"action_time": "2025-06-04T14:36:15.768Z", "user": 1, "content_type": 11, "object_id": "75", "object_repr": "PureCreatine", "action_flag": 2, "change_message": "[{\"changed\": {\"fields\": [\"Stock\"]}}]"}}, {"model": "admin.logentry", "pk": 69, "fields": {"action_time": "2025-06-04T14:36:23.582Z", "user": 1, "content_type": 11, "object_id": "73", "object_repr": "MegaCre", "action_flag": 2, "change_message": "[{\"changed\": {\"fields\": [\"Stock\"]}}]"}}, {"model": "admin.logentry", "pk": 70, "fields": {"action_time": "2025-06-04T14:36:30.204Z", "user": 1, "content_type": 11, "object_id": "72", "object_repr": "MonoCre", "action_flag": 2, "change_message": "[{\"changed\": {\"fields\": [\"Stock\"]}}]"}}, {"model": "admin.logentry", "pk": 71, "fields": {"action_time": "2025-06-04T14:36:35.981Z", "user": 1, "content_type": 11, "object_id": "71", "object_repr": "ChocoFuel", "action_flag": 2, "change_message": "[{\"changed\": {\"fields\": [\"Stock\"]}}]"}}, {"model": "admin.logentry", "pk": 72, "fields": {"action_time": "2025-06-04T14:36:45.020Z", "user": 1, "content_type": 11, "object_id": "70", "object_repr": "SnackPro", "action_flag": 2, "change_message": "[{\"changed\": {\"fields\": [\"Stock\"]}}]"}}, {"model": "admin.logentry", "pk": 73, "fields": {"action_time": "2025-06-04T14:37:37.675Z", "user": 1, "content_type": 11, "object_id": "69", "object_repr": "ProSnack", "action_flag": 2, "change_message": "[{\"changed\": {\"fields\": [\"Stock\"]}}]"}}, {"model": "admin.logentry", "pk": 74, "fields": {"action_time": "2025-06-04T14:37:47.905Z", "user": 1, "content_type": 11, "object_id": "68", "object_repr": "MaxBar", "action_flag": 2, "change_message": "[{\"changed\": {\"fields\": [\"Stock\"]}}]"}}, {"model": "admin.logentry", "pk": 75, "fields": {"action_time": "2025-06-04T14:37:54.086Z", "user": 1, "content_type": 11, "object_id": "67", "object_repr": "EnergyBite", "action_flag": 2, "change_message": "[{\"changed\": {\"fields\": [\"Stock\"]}}]"}}, {"model": "admin.logentry", "pk": 76, "fields": {"action_time": "2025-06-04T14:38:20.223Z", "user": 1, "content_type": 11, "object_id": "66", "object_repr": "ChocoCrunch", "action_flag": 2, "change_message": "[{\"changed\": {\"fields\": [\"Stock\"]}}]"}}, {"model": "admin.logentry", "pk": 77, "fields": {"action_time": "2025-06-04T14:38:26.937Z", "user": 1, "content_type": 11, "object_id": "65", "object_repr": "Ignite", "action_flag": 2, "change_message": "[{\"changed\": {\"fields\": [\"Stock\"]}}]"}}, {"model": "admin.logentry", "pk": 78, "fields": {"action_time": "2025-06-04T14:38:34.757Z", "user": 1, "content_type": 11, "object_id": "64", "object_repr": "StormForce", "action_flag": 2, "change_message": "[{\"changed\": {\"fields\": [\"Stock\"]}}]"}}, {"model": "admin.logentry", "pk": 79, "fields": {"action_time": "2025-06-04T14:38:40.791Z", "user": 1, "content_type": 11, "object_id": "63", "object_repr": "NitroBlast", "action_flag": 2, "change_message": "[{\"changed\": {\"fields\": [\"Sku\"]}}]"}}, {"model": "admin.logentry", "pk": 80, "fields": {"action_time": "2025-06-04T14:38:46.981Z", "user": 1, "content_type": 11, "object_id": "63", "object_repr": "NitroBlast", "action_flag": 2, "change_message": "[]"}}, {"model": "admin.logentry", "pk": 81, "fields": {"action_time": "2025-06-04T14:40:15.832Z", "user": 1, "content_type": 11, "object_id": "63", "object_repr": "NitroBlast", "action_flag": 2, "change_message": "[{\"changed\": {\"fields\": [\"Stock\", \"Sku\"]}}]"}}, {"model": "admin.logentry", "pk": 82, "fields": {"action_time": "2025-06-04T14:40:25.358Z", "user": 1, "content_type": 11, "object_id": "62", "object_repr": "RageBoost", "action_flag": 2, "change_message": "[{\"changed\": {\"fields\": [\"Stock\"]}}]"}}, {"model": "admin.logentry", "pk": 83, "fields": {"action_time": "2025-06-04T14:49:41.493Z", "user": 1, "content_type": 11, "object_id": "61", "object_repr": "PumpFuel", "action_flag": 2, "change_message": "[{\"changed\": {\"fields\": [\"Stock\"]}}]"}}, {"model": "admin.logentry", "pk": 84, "fields": {"action_time": "2025-06-04T14:49:54.272Z", "user": 1, "content_type": 11, "object_id": "60", "object_repr": "HyperWhey", "action_flag": 2, "change_message": "[{\"changed\": {\"fields\": [\"Stock\"]}}]"}}, {"model": "admin.logentry", "pk": 85, "fields": {"action_time": "2025-06-04T14:50:04.041Z", "user": 1, "content_type": 11, "object_id": "59", "object_repr": "UltraMass", "action_flag": 2, "change_message": "[{\"changed\": {\"fields\": [\"Stock\"]}}]"}}, {"model": "admin.logentry", "pk": 86, "fields": {"action_time": "2025-06-04T14:50:13.371Z", "user": 1, "content_type": 11, "object_id": "58", "object_repr": "MaxWhey", "action_flag": 2, "change_message": "[{\"changed\": {\"fields\": [\"Stock\"]}}]"}}, {"model": "admin.logentry", "pk": 87, "fields": {"action_time": "2025-06-04T14:50:28.382Z", "user": 1, "content_type": 11, "object_id": "57", "object_repr": "IsoPure", "action_flag": 2, "change_message": "[{\"changed\": {\"fields\": [\"Stock\"]}}]"}}, {"model": "admin.logentry", "pk": 88, "fields": {"action_time": "2025-06-04T14:50:35.821Z", "user": 1, "content_type": 11, "object_id": "56", "object_repr": "PowerMix", "action_flag": 2, "change_message": "[{\"changed\": {\"fields\": [\"Stock\"]}}]"}}, {"model": "admin.logentry", "pk": 89, "fields": {"action_time": "2025-06-04T14:50:42.458Z", "user": 1, "content_type": 11, "object_id": "55", "object_repr": "MassFusion", "action_flag": 2, "change_message": "[{\"changed\": {\"fields\": [\"Stock\"]}}]"}}, {"model": "admin.logentry", "pk": 90, "fields": {"action_time": "2025-06-04T14:50:49.214Z", "user": 1, "content_type": 11, "object_id": "54", "object_repr": "LeanPro", "action_flag": 2, "change_message": "[{\"changed\": {\"fields\": [\"Stock\"]}}]"}}, {"model": "admin.logentry", "pk": 91, "fields": {"action_time": "2025-06-04T14:50:56.018Z", "user": 1, "content_type": 11, "object_id": "53", "object_repr": "ProMax", "action_flag": 2, "change_message": "[{\"changed\": {\"fields\": [\"Stock\"]}}]"}}, {"model": "admin.logentry", "pk": 92, "fields": {"action_time": "2025-06-04T14:51:02.729Z", "user": 1, "content_type": 11, "object_id": "52", "object_repr": "MaxWhey", "action_flag": 2, "change_message": "[{\"changed\": {\"fields\": [\"Stock\"]}}]"}}, {"model": "admin.logentry", "pk": 93, "fields": {"action_time": "2025-06-04T14:51:09.157Z", "user": 1, "content_type": 11, "object_id": "51", "object_repr": "UltraWhey", "action_flag": 2, "change_message": "[{\"changed\": {\"fields\": [\"Stock\"]}}]"}}, {"model": "admin.logentry", "pk": 94, "fields": {"action_time": "2025-06-08T14:28:08.972Z", "user": 1, "content_type": 7, "object_id": "21", "object_repr": "Alexino", "action_flag": 3, "change_message": ""}}, {"model": "admin.logentry", "pk": 95, "fields": {"action_time": "2025-06-08T17:49:24.759Z", "user": 1, "content_type": 17, "object_id": "2", "object_repr": "2 of UltraWhey in Cart 1", "action_flag": 3, "change_message": ""}}, {"model": "admin.logentry", "pk": 96, "fields": {"action_time": "2025-06-09T16:27:48.293Z", "user": 1, "content_type": 17, "object_id": "4", "object_repr": "23 of UltraWhey in Cart 1", "action_flag": 3, "change_message": ""}}, {"model": "admin.logentry", "pk": 97, "fields": {"action_time": "2025-06-09T16:48:40.430Z", "user": 1, "content_type": 11, "object_id": "51", "object_repr": "UltraWhey", "action_flag": 2, "change_message": "[{\"changed\": {\"fields\": [\"Stock\"]}}]"}}, {"model": "admin.logentry", "pk": 98, "fields": {"action_time": "2025-06-09T16:49:04.256Z", "user": 1, "content_type": 11, "object_id": "51", "object_repr": "UltraWhey", "action_flag": 2, "change_message": "[{\"changed\": {\"fields\": [\"Stock\"]}}]"}}, {"model": "admin.logentry", "pk": 99, "fields": {"action_time": "2025-06-09T17:30:08.343Z", "user": 1, "content_type": 17, "object_id": "8", "object_repr": "73 of HyperWhey in Cart 1", "action_flag": 3, "change_message": ""}}, {"model": "admin.logentry", "pk": 100, "fields": {"action_time": "2025-06-09T17:30:11.323Z", "user": 1, "content_type": 17, "object_id": "7", "object_repr": "36 of MaxWhey in Cart 1", "action_flag": 3, "change_message": ""}}, {"model": "admin.logentry", "pk": 101, "fields": {"action_time": "2025-06-09T17:30:14.094Z", "user": 1, "content_type": 17, "object_id": "6", "object_repr": "36 of UltraWhey in Cart 1", "action_flag": 3, "change_message": ""}}, {"model": "admin.logentry", "pk": 102, "fields": {"action_time": "2025-06-09T17:30:17.202Z", "user": 1, "content_type": 17, "object_id": "5", "object_repr": "11 of PowerMix in Cart 1", "action_flag": 3, "change_message": ""}}, {"model": "admin.logentry", "pk": 103, "fields": {"action_time": "2025-06-09T17:31:16.113Z", "user": 1, "content_type": 17, "object_id": "9", "object_repr": "150 of MaxWhey in Cart 1", "action_flag": 3, "change_message": ""}}, {"model": "admin.logentry", "pk": 104, "fields": {"action_time": "2025-06-09T17:34:45.379Z", "user": 1, "content_type": 17, "object_id": "10", "object_repr": "40 of MaxWhey in Cart 1", "action_flag": 3, "change_message": ""}}, {"model": "admin.logentry", "pk": 105, "fields": {"action_time": "2025-06-09T17:55:21.076Z", "user": 1, "content_type": 17, "object_id": "11", "object_repr": "109 of MaxWhey in Cart 1", "action_flag": 3, "change_message": ""}}, {"model": "admin.logentry", "pk": 106, "fields": {"action_time": "2025-06-11T14:53:29.848Z", "user": 1, "content_type": 11, "object_id": "109", "object_repr": "Maieu Clasic Gri", "action_flag": 2, "change_message": "[{\"changed\": {\"fields\": [\"Image\", \"Tags\"]}}]"}}, {"model": "admin.logentry", "pk": 107, "fields": {"action_time": "2025-06-11T14:53:42.176Z", "user": 1, "content_type": 11, "object_id": "100", "object_repr": "Maieu Colorblock", "action_flag": 2, "change_message": "[{\"changed\": {\"fields\": [\"Image\", \"Tags\"]}}]"}}, {"model": "admin.logentry", "pk": 108, "fields": {"action_time": "2025-06-11T14:54:17.274Z", "user": 1, "content_type": 11, "object_id": "84", "object_repr": "Maieu Mesh Negru", "action_flag": 2, "change_message": "[{\"changed\": {\"fields\": [\"Image\", \"Tags\"]}}]"}}, {"model": "admin.logentry", "pk": 109, "fields": {"action_time": "2025-06-11T14:54:32.244Z", "user": 1, "content_type": 11, "object_id": "83", "object_repr": "Maieu Verde Neon", "action_flag": 2, "change_message": "[{\"changed\": {\"fields\": [\"Image\", \"Tags\"]}}]"}}, {"model": "admin.logentry", "pk": 110, "fields": {"action_time": "2025-06-11T14:54:42.405Z", "user": 1, "content_type": 11, "object_id": "82", "object_repr": "Maieu Slim Fit", "action_flag": 2, "change_message": "[{\"changed\": {\"fields\": [\"Image\", \"Tags\"]}}]"}}, {"model": "admin.logentry", "pk": 111, "fields": {"action_time": "2025-06-11T14:55:02.386Z", "user": 1, "content_type": 11, "object_id": "81", "object_repr": "Maieu Alb Clasic", "action_flag": 2, "change_message": "[{\"changed\": {\"fields\": [\"Image\", \"Tags\"]}}]"}}, {"model": "admin.logentry", "pk": 112, "fields": {"action_time": "2025-06-11T14:55:15.290Z", "user": 1, "content_type": 11, "object_id": "80", "object_repr": "Maieu Sport Negru", "action_flag": 2, "change_message": "[{\"changed\": {\"fields\": [\"Image\", \"Tags\"]}}]"}}, {"model": "admin.logentry", "pk": 113, "fields": {"action_time": "2025-06-11T14:55:34.929Z", "user": 1, "content_type": 11, "object_id": "108", "object_repr": "Tricou Portocaliu", "action_flag": 2, "change_message": "[{\"changed\": {\"fields\": [\"Image\", \"Tags\"]}}]"}}, {"model": "admin.logentry", "pk": 114, "fields": {"action_time": "2025-06-11T14:55:49.622Z", "user": 1, "content_type": 11, "object_id": "107", "object_repr": "Tricou Mesh Sport", "action_flag": 2, "change_message": "[{\"changed\": {\"fields\": [\"Image\", \"Tags\"]}}]"}}, {"model": "admin.logentry", "pk": 115, "fields": {"action_time": "2025-06-11T14:56:04.747Z", "user": 1, "content_type": 11, "object_id": "103", "object_repr": "Tricou Minimal Gri", "action_flag": 2, "change_message": "[{\"changed\": {\"fields\": [\"Image\", \"Tags\"]}}]"}}, {"model": "admin.logentry", "pk": 116, "fields": {"action_time": "2025-06-11T14:56:12.879Z", "user": 1, "content_type": 11, "object_id": "107", "object_repr": "Tricou Mesh Sport", "action_flag": 2, "change_message": "[{\"changed\": {\"fields\": [\"Tags\"]}}]"}}, {"model": "admin.logentry", "pk": 117, "fields": {"action_time": "2025-06-11T14:56:26.376Z", "user": 1, "content_type": 11, "object_id": "98", "object_repr": "Tricou Dri-Fit Albastru", "action_flag": 2, "change_message": "[{\"changed\": {\"fields\": [\"Image\", \"Tags\"]}}]"}}, {"model": "admin.logentry", "pk": 118, "fields": {"action_time": "2025-06-11T14:56:39.458Z", "user": 1, "content_type": 11, "object_id": "96", "object_repr": "Tricou Oversized Negru", "action_flag": 2, "change_message": "[{\"changed\": {\"fields\": [\"Image\", \"Tags\"]}}]"}}, {"model": "admin.logentry", "pk": 119, "fields": {"action_time": "2025-06-11T14:57:54.013Z", "user": 1, "content_type": 11, "object_id": "95", "object_repr": "Tricou Alb Basic", "action_flag": 2, "change_message": "[{\"changed\": {\"fields\": [\"Image\", \"Tags\"]}}]"}}, {"model": "admin.logentry", "pk": 120, "fields": {"action_time": "2025-06-11T14:58:03.723Z", "user": 1, "content_type": 11, "object_id": "98", "object_repr": "Tricou Dri-Fit Albastru", "action_flag": 2, "change_message": "[{\"changed\": {\"fields\": [\"Tags\"]}}]"}}, {"model": "admin.logentry", "pk": 121, "fields": {"action_time": "2025-06-11T14:58:10.591Z", "user": 1, "content_type": 11, "object_id": "98", "object_repr": "Tricou Dri-Fit Albastru", "action_flag": 2, "change_message": "[{\"changed\": {\"fields\": [\"Tags\"]}}]"}}, {"model": "admin.logentry", "pk": 122, "fields": {"action_time": "2025-06-11T14:58:21.355Z", "user": 1, "content_type": 11, "object_id": "97", "object_repr": "Tricou Grafic Urban", "action_flag": 2, "change_message": "[{\"changed\": {\"fields\": [\"Image\", \"Tags\"]}}]"}}, {"model": "admin.logentry", "pk": 123, "fields": {"action_time": "2025-06-11T14:58:38.496Z", "user": 1, "content_type": 11, "object_id": "99", "object_repr": "Tricou Retro", "action_flag": 2, "change_message": "[{\"changed\": {\"fields\": [\"Image\", \"Tags\"]}}]"}}, {"model": "admin.logentry", "pk": 124, "fields": {"action_time": "2025-06-11T14:59:23.718Z", "user": 1, "content_type": 11, "object_id": "105", "object_repr": "Hanorac Alb Logo", "action_flag": 2, "change_message": "[{\"changed\": {\"fields\": [\"Image\", \"Tags\"]}}]"}}, {"model": "admin.logentry", "pk": 125, "fields": {"action_time": "2025-06-11T14:59:35.630Z", "user": 1, "content_type": 11, "object_id": "101", "object_repr": "Hanorac Streetwear", "action_flag": 2, "change_message": "[{\"changed\": {\"fields\": [\"Image\", \"Tags\"]}}]"}}, {"model": "admin.logentry", "pk": 126, "fields": {"action_time": "2025-06-11T15:00:02.797Z", "user": 1, "content_type": 11, "object_id": "89", "object_repr": "Hanorac SportFit", "action_flag": 2, "change_message": "[{\"changed\": {\"fields\": [\"Image\", \"Tags\"]}}]"}}, {"model": "admin.logentry", "pk": 127, "fields": {"action_time": "2025-06-11T15:00:20.446Z", "user": 1, "content_type": 11, "object_id": "88", "object_repr": "Hanorac Verde Urban", "action_flag": 2, "change_message": "[{\"changed\": {\"fields\": [\"Image\", \"Tags\"]}}]"}}, {"model": "admin.logentry", "pk": 128, "fields": {"action_time": "2025-06-11T15:00:39.554Z", "user": 1, "content_type": 11, "object_id": "87", "object_repr": "Hanorac Bleumarin Logo", "action_flag": 2, "change_message": "[{\"changed\": {\"fields\": [\"Image\", \"Tags\"]}}]"}}, {"model": "admin.logentry", "pk": 129, "fields": {"action_time": "2025-06-11T15:00:50.929Z", "user": 1, "content_type": 11, "object_id": "86", "object_repr": "Hanorac Negru Zipper", "action_flag": 2, "change_message": "[{\"changed\": {\"fields\": [\"Image\", \"Tags\"]}}]"}}, {"model": "admin.logentry", "pk": 130, "fields": {"action_time": "2025-06-11T15:00:59.453Z", "user": 1, "content_type": 11, "object_id": "85", "object_repr": "Hanorac Gri Oversized", "action_flag": 2, "change_message": "[{\"changed\": {\"fields\": [\"Image\", \"Tags\"]}}]"}}, {"model": "admin.logentry", "pk": 131, "fields": {"action_time": "2025-06-11T15:01:18.220Z", "user": 1, "content_type": 11, "object_id": "106", "object_repr": "Shorts Lejeri", "action_flag": 2, "change_message": "[{\"changed\": {\"fields\": [\"Image\", \"Tags\"]}}]"}}, {"model": "admin.logentry", "pk": 132, "fields": {"action_time": "2025-06-11T15:01:29.457Z", "user": 1, "content_type": 11, "object_id": "104", "object_repr": "Shorts Termici", "action_flag": 2, "change_message": "[{\"changed\": {\"fields\": [\"Image\", \"Tags\"]}}]"}}, {"model": "admin.logentry", "pk": 133, "fields": {"action_time": "2025-06-11T15:01:43.335Z", "user": 1, "content_type": 11, "object_id": "102", "object_repr": "Shorts Striați", "action_flag": 2, "change_message": "[{\"changed\": {\"fields\": [\"Image\", \"Tags\"]}}]"}}, {"model": "admin.logentry", "pk": 134, "fields": {"action_time": "2025-06-11T15:01:53.159Z", "user": 1, "content_type": 11, "object_id": "94", "object_repr": "Shorts Cu Elastic", "action_flag": 2, "change_message": "[{\"changed\": {\"fields\": [\"Image\", \"Tags\"]}}]"}}, {"model": "admin.logentry", "pk": 135, "fields": {"action_time": "2025-06-11T15:02:05.251Z", "user": 1, "content_type": 11, "object_id": "92", "object_repr": "Shorts Denim Alb", "action_flag": 2, "change_message": "[{\"changed\": {\"fields\": [\"Image\", \"Tags\"]}}]"}}, {"model": "admin.logentry", "pk": 136, "fields": {"action_time": "2025-06-11T15:02:18.459Z", "user": 1, "content_type": 11, "object_id": "90", "object_repr": "Shorts Negru Slim", "action_flag": 2, "change_message": "[{\"changed\": {\"fields\": [\"Image\", \"Tags\"]}}]"}}, {"model": "admin.logentry", "pk": 137, "fields": {"action_time": "2025-06-11T15:02:30.302Z", "user": 1, "content_type": 11, "object_id": "91", "object_repr": "Shorts Cargo Verde", "action_flag": 2, "change_message": "[{\"changed\": {\"fields\": [\"Image\", \"Tags\"]}}]"}}, {"model": "admin.logentry", "pk": 138, "fields": {"action_time": "2025-06-11T15:02:40.492Z", "user": 1, "content_type": 11, "object_id": "93", "object_repr": "Shorts Sport Dry", "action_flag": 2, "change_message": "[{\"changed\": {\"fields\": [\"Image\", \"Tags\"]}}]"}}, {"model": "admin.logentry", "pk": 139, "fields": {"action_time": "2025-06-12T13:44:09.826Z", "user": 1, "content_type": 11, "object_id": "54", "object_repr": "LeanPro", "action_flag": 2, "change_message": "[{\"changed\": {\"fields\": [\"Stock\"]}}]"}}, {"model": "admin.logentry", "pk": 140, "fields": {"action_time": "2025-06-12T15:19:36.103Z", "user": 1, "content_type": 11, "object_id": "59", "object_repr": "UltraMass", "action_flag": 2, "change_message": "[{\"changed\": {\"fields\": [\"Stock\"]}}]"}}, {"model": "admin.logentry", "pk": 141, "fields": {"action_time": "2025-06-12T15:32:48.994Z", "user": 1, "content_type": 11, "object_id": "59", "object_repr": "UltraMass", "action_flag": 2, "change_message": "[{\"changed\": {\"fields\": [\"Stock\"]}}]"}}, {"model": "admin.logentry", "pk": 142, "fields": {"action_time": "2025-06-12T15:34:47.606Z", "user": 1, "content_type": 11, "object_id": "59", "object_repr": "UltraMass", "action_flag": 2, "change_message": "[{\"changed\": {\"fields\": [\"Stock\"]}}]"}}, {"model": "admin.logentry", "pk": 143, "fields": {"action_time": "2025-06-12T15:54:25.779Z", "user": 1, "content_type": 11, "object_id": "57", "object_repr": "IsoPure", "action_flag": 2, "change_message": "[{\"changed\": {\"fields\": [\"Stock\"]}}]"}}, {"model": "admin.logentry", "pk": 144, "fields": {"action_time": "2025-06-12T16:25:37.047Z", "user": 1, "content_type": 21, "object_id": "1", "object_repr": "Courier object (1)", "action_flag": 1, "change_message": "[{\"added\": {}}]"}}, {"model": "admin.logentry", "pk": 145, "fields": {"action_time": "2025-06-12T16:25:48.582Z", "user": 1, "content_type": 21, "object_id": "2", "object_repr": "Courier object (2)", "action_flag": 1, "change_message": "[{\"added\": {}}]"}}, {"model": "admin.logentry", "pk": 146, "fields": {"action_time": "2025-06-13T19:18:49.287Z", "user": 1, "content_type": 19, "object_id": "1", "object_repr": "Order object (1)", "action_flag": 3, "change_message": ""}}, {"model": "admin.logentry", "pk": 147, "fields": {"action_time": "2025-06-13T19:21:10.263Z", "user": 1, "content_type": 19, "object_id": "2", "object_repr": "Order object (2)", "action_flag": 3, "change_message": ""}}, {"model": "admin.logentry", "pk": 148, "fields": {"action_time": "2025-06-13T19:27:52.900Z", "user": 1, "content_type": 19, "object_id": "5", "object_repr": "Order object (5)", "action_flag": 1, "change_message": "[{\"added\": {}}]"}}, {"model": "admin.logentry", "pk": 149, "fields": {"action_time": "2025-06-13T19:31:15.209Z", "user": 1, "content_type": 19, "object_id": "5", "object_repr": "Order object (5)", "action_flag": 3, "change_message": ""}}, {"model": "admin.logentry", "pk": 150, "fields": {"action_time": "2025-06-13T19:51:53.720Z", "user": 1, "content_type": 19, "object_id": "1", "object_repr": "Order object (1)", "action_flag": 3, "change_message": ""}}, {"model": "admin.logentry", "pk": 151, "fields": {"action_time": "2025-06-13T19:51:55.944Z", "user": 1, "content_type": 19, "object_id": "2", "object_repr": "Order object (2)", "action_flag": 3, "change_message": ""}}, {"model": "admin.logentry", "pk": 152, "fields": {"action_time": "2025-06-13T19:51:59.040Z", "user": 1, "content_type": 19, "object_id": "33", "object_repr": "Order object (33)", "action_flag": 3, "change_message": ""}}, {"model": "admin.logentry", "pk": 153, "fields": {"action_time": "2025-06-15T15:28:06.001Z", "user": 1, "content_type": 19, "object_id": "35", "object_repr": "Order object (35)", "action_flag": 3, "change_message": ""}}, {"model": "admin.logentry", "pk": 154, "fields": {"action_time": "2025-06-15T15:28:08.308Z", "user": 1, "content_type": 19, "object_id": "34", "object_repr": "Order object (34)", "action_flag": 3, "change_message": ""}}, {"model": "admin.logentry", "pk": 155, "fields": {"action_time": "2025-06-15T15:30:55.193Z", "user": 1, "content_type": 19, "object_id": "36", "object_repr": "Order object (36)", "action_flag": 3, "change_message": ""}}, {"model": "admin.logentry", "pk": 156, "fields": {"action_time": "2025-06-15T15:43:22.899Z", "user": 1, "content_type": 19, "object_id": "38", "object_repr": "Order object (38)", "action_flag": 3, "change_message": ""}}, {"model": "admin.logentry", "pk": 157, "fields": {"action_time": "2025-06-15T15:43:25.309Z", "user": 1, "content_type": 19, "object_id": "39", "object_repr": "Order object (39)", "action_flag": 3, "change_message": ""}}, {"model": "admin.logentry", "pk": 158, "fields": {"action_time": "2025-06-15T15:43:27.412Z", "user": 1, "content_type": 19, "object_id": "37", "object_repr": "Order object (37)", "action_flag": 3, "change_message": ""}}, {"model": "admin.logentry", "pk": 159, "fields": {"action_time": "2025-06-15T22:11:51.220Z", "user": 1, "content_type": 7, "object_id": "22", "object_repr": "Alexino", "action_flag": 2, "change_message": "[{\"changed\": {\"fields\": [\"Is subscribed\"]}}]"}}, {"model": "admin.logentry", "pk": 160, "fields": {"action_time": "2025-06-15T22:15:06.048Z", "user": 1, "content_type": 7, "object_id": "22", "object_repr": "Alexino", "action_flag": 2, "change_message": "[{\"changed\": {\"fields\": [\"Is subscribed\"]}}]"}}, {"model": "admin.logentry", "pk": 161, "fields": {"action_time": "2025-06-15T22:24:08.727Z", "user": 1, "content_type": 7, "object_id": "22", "object_repr": "Alexino", "action_flag": 2, "change_message": "[{\"changed\": {\"fields\": [\"Is subscribed\"]}}]"}}, {"model": "admin.logentry", "pk": 162, "fields": {"action_time": "2025-06-15T22:51:06.184Z", "user": 1, "content_type": 7, "object_id": "23", "object_repr": "Alexino123", "action_flag": 3, "change_message": ""}}, {"model": "sessions.session", "pk": "5ccac00w8dh7cdhe9w3d04ttdcdrtar2", "fields": {"session_data": ".eJxVjDEOAiEQRe9CbYjDLAEs7T0DGQaQVQPJslttvLuSbKHNL_57ebvwtK3Fbz0tfo7iIkCcfr9A_Ex1gPigem-SW12XOcihyIN2eWsxva6H-xco1MvIamezQjaWmIPLDtAhkz0H6_A7YTLGglFOa02QgAnJKpMmnSCGjOL9Ac_1N4A:1ttUen:2p3uHbdhvRNQsRppaCBfiGSxcO2qb00XtXcjSg_jxik", "expire_date": "2025-03-29T16:46:41.542Z"}}, {"model": "sessions.session", "pk": "64ptsang3vrbsm17d5hx1m3kd7akl7ms", "fields": {"session_data": ".eJxVjDEOAiEQRe9CbYjDLAEs7T0DGQaQVQPJslttvLuSbKHNL_57ebvwtK3Fbz0tfo7iIkCcfr9A_Ex1gPigem-SW12XOcihyIN2eWsxva6H-xco1MvIamezQjaWmIPLDtAhkz0H6_A7YTLGglFOa02QgAnJKpMmnSCGjOL9Ac_1N4A:1ttmIg:D8pVkoBPNRZMIsECDqF-RenCwO-BQjioQte3EW1AuDk", "expire_date": "2025-03-30T11:37:02.711Z"}}, {"model": "sessions.session", "pk": "6jyk263hsx5qqz64pr4i6nr1c757aivm", "fields": {"session_data": ".eJxVjDEOAiEQRe9CbYjDLAEs7T0DGQaQVQPJslttvLuSbKHNL_57ebvwtK3Fbz0tfo7iIkCcfr9A_Ex1gPigem-SW12XOcihyIN2eWsxva6H-xco1MvIamezQjaWmIPLDtAhkz0H6_A7YTLGglFOa02QgAnJKpMmnSCGjOL9Ac_1N4A:1ttTP5:DuHl47UKprRXTcPT_TE8VeYq5c4hLAQFB48N3_ajBpI", "expire_date": "2025-03-29T15:26:23.283Z"}}, {"model": "sessions.session", "pk": "6lnh9utjhn87asdmsr0uv3n5an98gtrx", "fields": {"session_data": ".eJxVjMsOwiAQRf-FtSHt8Ci4dO83EGYGpGogKe3K-O_apAvd3nPOfYkQt7WEraclzCzOAkCcfkeM9Eh1J3yP9dYktbouM8pdkQft8to4PS-H-3dQYi_fWpElDcqNA44M1kVLSmc2lA1k7dBHxoE4oVegyTie0HjlcvI0AbMW7w8PADie:1uQqtq:hbXwec7F3QzlItIOdFj5KGwZaTmliBcevzfPWq1yK9A", "expire_date": "2025-06-29T17:12:06.412Z"}}, {"model": "sessions.session", "pk": "blzrmg03rdpbpc1wmoyejnww4dq97kzj", "fields": {"session_data": ".eJxVjDEOAiEQRe9CbYjDLAEs7T0DGQaQVQPJslttvLuSbKHNL_57ebvwtK3Fbz0tfo7iIkCcfr9A_Ex1gPigem-SW12XOcihyIN2eWsxva6H-xco1MvIamezQjaWmIPLDtAhkz0H6_A7YTLGglFOa02QgAnJKpMmnSCGjOL9Ac_1N4A:1ttmKv:odzgGl3CiXLuJKuuRcKQKMWKVcMmnqqRAEOJa68FB0M", "expire_date": "2025-03-30T11:39:21.324Z"}}, {"model": "sessions.session", "pk": "brnaf5x2cs88vxehvj6rmc7nqgzz7xvd", "fields": {"session_data": ".eJxVjDEOAiEQRe9CbYjDLAEs7T0DGQaQVQPJslttvLuSbKHNL_57ebvwtK3Fbz0tfo7iIkCcfr9A_Ex1gPigem-SW12XOcihyIN2eWsxva6H-xco1MvIamezQjaWmIPLDtAhkz0H6_A7YTLGglFOa02QgAnJKpMmnSCGjOL9Ac_1N4A:1ttmIf:6M3tHibVbmSkGBQsGhV3yuFD_wLxG7ECGl8axA5tYDg", "expire_date": "2025-03-30T11:37:01.164Z"}}, {"model": "sessions.session", "pk": "ckczcb9utuas08ueom78zpx8i67d1jxi", "fields": {"session_data": ".eJxVjMsOwiAQRf-FtSHt8Ci4dO83EGYGpGogKe3K-O_apAvd3nPOfYkQt7WEraclzCzOAkCcfkeM9Eh1J3yP9dYktbouM8pdkQft8to4PS-H-3dQYi_fWpElDcqNA44M1kVLSmc2lA1k7dBHxoE4oVegyTie0HjlcvI0AbMW7w8PADie:1uP2JR:JM2MgBUmOghJPYcB9osg_RycCGxYHNfhwvoFLHcMCcw", "expire_date": "2025-06-24T16:59:01.618Z"}}, {"model": "sessions.session", "pk": "dm8fnlm7i3qdbpz6mxk43q29etmgmnr7", "fields": {"session_data": ".eJxVjMsOwiAQRf-FtSHt8Ci4dO83EGYGpGogKe3K-O_apAvd3nPOfYkQt7WEraclzCzOAkCcfkeM9Eh1J3yP9dYktbouM8pdkQft8to4PS-H-3dQYi_fWpElDcqNA44M1kVLSmc2lA1k7dBHxoE4oVegyTie0HjlcvI0AbMW7w8PADie:1uQqhl:z5SBsr8EyukBBwR-CoRAqwvXOMKvgXdXz4ZzmtVHNgI", "expire_date": "2025-06-29T16:59:37.554Z"}}, {"model": "sessions.session", "pk": "hgat75a65nc6rlxrhba2enhvwoghhrsj", "fields": {"session_data": ".eJxVjDEOAiEQRe9CbYjDLAEs7T0DGQaQVQPJslttvLuSbKHNL_57ebvwtK3Fbz0tfo7iIkCcfr9A_Ex1gPigem-SW12XOcihyIN2eWsxva6H-xco1MvIamezQjaWmIPLDtAhkz0H6_A7YTLGglFOa02QgAnJKpMmnSCGjOL9Ac_1N4A:1ttVDo:kv8CYFFHfamTFWQTlMg8L3lTYnAlfakzLH3EK3SYH1g", "expire_date": "2025-03-29T17:22:52.022Z"}}, {"model": "sessions.session", "pk": "hm6rq4dbne2nglm6xn6joaybbo5gp9da", "fields": {"session_data": ".eJxVjDEOAiEQRe9CbYjDLAEs7T0DGQaQVQPJslttvLuSbKHNL_57ebvwtK3Fbz0tfo7iIkCcfr9A_Ex1gPigem-SW12XOcihyIN2eWsxva6H-xco1MvIamezQjaWmIPLDtAhkz0H6_A7YTLGglFOa02QgAnJKpMmnSCGjOL9Ac_1N4A:1ttVCC:fM_6xGh08OD5tV-Khd4flcbaefaCjlEEE5zYasJLr1A", "expire_date": "2025-03-29T17:21:12.439Z"}}, {"model": "sessions.session", "pk": "huo5r1oqy9ljpn1k4498bdwfwhpucv3q", "fields": {"session_data": ".eJxVjDEOAiEQRe9CbYjDLAEs7T0DGQaQVQPJslttvLuSbKHNL_57ebvwtK3Fbz0tfo7iIkCcfr9A_Ex1gPigem-SW12XOcihyIN2eWsxva6H-xco1MvIamezQjaWmIPLDtAhkz0H6_A7YTLGglFOa02QgAnJKpMmnSCGjOL9Ac_1N4A:1ttmJK:3YU3PR-tYgZVS2McFnCDydEY42YvD5fiIZuV5krIp-k", "expire_date": "2025-03-30T11:37:42.509Z"}}, {"model": "sessions.session", "pk": "i8ylpk8b7e9t7fcma1cni4prrajc9uk0", "fields": {"session_data": ".eJxVjDEOAiEQRe9CbYjDLAEs7T0DGQaQVQPJslttvLuSbKHNL_57ebvwtK3Fbz0tfo7iIkCcfr9A_Ex1gPigem-SW12XOcihyIN2eWsxva6H-xco1MvIamezQjaWmIPLDtAhkz0H6_A7YTLGglFOa02QgAnJKpMmnSCGjOL9Ac_1N4A:1uMpes:MH8IaEJvu_EEnx7_Sfk4jjJ0EEGZso6ECT64LIiuR1I", "expire_date": "2025-06-18T15:04:02.855Z"}}, {"model": "sessions.session", "pk": "imx7zu8k9ugy6hb7vfsm3d1mp7gasqa9", "fields": {"session_data": ".eJxVjDEOAiEQRe9CbYjDLAEs7T0DGQaQVQPJslttvLuSbKHNL_57ebvwtK3Fbz0tfo7iIkCcfr9A_Ex1gPigem-SW12XOcihyIN2eWsxva6H-xco1MvIamezQjaWmIPLDtAhkz0H6_A7YTLGglFOa02QgAnJKpMmnSCGjOL9Ac_1N4A:1ttmKu:6R3lntSx8lv98pjUS46JnFTa-a9brCw6oujq_w1F4so", "expire_date": "2025-03-30T11:39:20.332Z"}}, {"model": "sessions.session", "pk": "irx6f8tmrrr40ifvn78d29l75iakmu3f", "fields": {"session_data": ".eJxVjMsOwiAQRf-FtSHt8Ci4dO83EGYGpGogKe3K-O_apAvd3nPOfYkQt7WEraclzCzOAkCcfkeM9Eh1J3yP9dYktbouM8pdkQft8to4PS-H-3dQYi_fWpElDcqNA44M1kVLSmc2lA1k7dBHxoE4oVegyTie0HjlcvI0AbMW7w8PADie:1uQw8j:EQi-7PiR42qbrn75rV2ED-Qzjcr0YVuYE6RFMmkvd-Q", "expire_date": "2025-06-29T22:47:49.084Z"}}, {"model": "sessions.session", "pk": "ktt4c667rxy4al2pfz3p1l2tylyh9855", "fields": {"session_data": ".eJxVjMsOwiAQRf-FtSHt8Ci4dO83EGYGpGogKe3K-O_apAvd3nPOfYkQt7WEraclzCzOAkCcfkeM9Eh1J3yP9dYktbouM8pdkQft8to4PS-H-3dQYi_fWpElDcqNA44M1kVLSmc2lA1k7dBHxoE4oVegyTie0HjlcvI0AbMW7w8PADie:1uQpsU:fpPwVpVF8hpYCVArJqJ7qJXVG45WuS0FVVJZrx5g6j8", "expire_date": "2025-06-29T16:06:38.339Z"}}, {"model": "sessions.session", "pk": "lsdt0bvfs8czmyt8emp9k1yqpyykc25y", "fields": {"session_data": ".eJxVjMsOwiAQRf-FtSHt8Ci4dO83EGYGpGogKe3K-O_apAvd3nPOfYkQt7WEraclzCzOAkCcfkeM9Eh1J3yP9dYktbouM8pdkQft8to4PS-H-3dQYi_fWpElDcqNA44M1kVLSmc2lA1k7dBHxoE4oVegyTie0HjlcvI0AbMW7w8PADie:1uQrKK:Eqqs49iTt66EkmdPHH-1uL4aYMdHW9AmxNmOIHOkjzE", "expire_date": "2025-06-29T17:39:28.950Z"}}, {"model": "sessions.session", "pk": "lt7eidinae3d92o0nm5qatjkid5mo3wf", "fields": {"session_data": ".eJxVjDEOAiEQRe9CbYjDLAEs7T0DGQaQVQPJslttvLuSbKHNL_57ebvwtK3Fbz0tfo7iIkCcfr9A_Ex1gPigem-SW12XOcihyIN2eWsxva6H-xco1MvIamezQjaWmIPLDtAhkz0H6_A7YTLGglFOa02QgAnJKpMmnSCGjOL9Ac_1N4A:1uQpzS:OaSWbIvLbVTL46jp-M0wPycEqyQl8VWqX448ycEVFAQ", "expire_date": "2025-06-29T16:13:50.850Z"}}, {"model": "sessions.session", "pk": "n88h3vsxjsx784wm44wh5qge9yied3ym", "fields": {"session_data": ".eJxVjDEOAiEQRe9CbYjDLAEs7T0DGQaQVQPJslttvLuSbKHNL_57ebvwtK3Fbz0tfo7iIkCcfr9A_Ex1gPigem-SW12XOcihyIN2eWsxva6H-xco1MvIamezQjaWmIPLDtAhkz0H6_A7YTLGglFOa02QgAnJKpMmnSCGjOL9Ac_1N4A:1ttUeN:_rI5nIo858Z-6QQlvXpvnX9sYsVEwrbKsEXPFFpoPxA", "expire_date": "2025-03-29T16:46:15.752Z"}}, {"model": "sessions.session", "pk": "oig21b8bgf1ohpjwb3uenjvzoymkx8rx", "fields": {"session_data": ".eJxVjDEOAiEQRe9CbYjDLAEs7T0DGQaQVQPJslttvLuSbKHNL_57ebvwtK3Fbz0tfo7iIkCcfr9A_Ex1gPigem-SW12XOcihyIN2eWsxva6H-xco1MvIamezQjaWmIPLDtAhkz0H6_A7YTLGglFOa02QgAnJKpMmnSCGjOL9Ac_1N4A:1ttmJN:xyAnMmwwhdrr1WxVrTmHkilEihoAMOU6Y6cb0_IgYKA", "expire_date": "2025-03-30T11:37:45.100Z"}}, {"model": "sessions.session", "pk": "olk3ifa3a5cgkc7s8fmhaih2jr24j62g", "fields": {"session_data": ".eJxVjDEOAiEQRe9CbYjDLAEs7T0DGQaQVQPJslttvLuSbKHNL_57ebvwtK3Fbz0tfo7iIkCcfr9A_Ex1gPigem-SW12XOcihyIN2eWsxva6H-xco1MvIamezQjaWmIPLDtAhkz0H6_A7YTLGglFOa02QgAnJKpMmnSCGjOL9Ac_1N4A:1ttUlf:FOLFabPsq9qLqZcKmvajR3gkr6ikQ7jZIItY0EsArnc", "expire_date": "2025-03-29T16:53:47.387Z"}}, {"model": "sessions.session", "pk": "oneu2tzdkh757haqy5zcy46hvqswyvcs", "fields": {"session_data": ".eJxVjMsOwiAQRf-FtSHt8Ci4dO83EGYGpGogKe3K-O_apAvd3nPOfYkQt7WEraclzCzOAkCcfkeM9Eh1J3yP9dYktbouM8pdkQft8to4PS-H-3dQYi_fWpElDcqNA44M1kVLSmc2lA1k7dBHxoE4oVegyTie0HjlcvI0AbMW7w8PADie:1uQqbg:by0aNj1DJyw5Ip46Jny9rD3IaPbzAhHkYJ8g5kChBFw", "expire_date": "2025-06-29T16:53:20.608Z"}}, {"model": "sessions.session", "pk": "qe0xxtkni9wyxsjjutobzt5cjuye0g96", "fields": {"session_data": ".eJxVjDEOAiEQRe9CbYjDLAEs7T0DGQaQVQPJslttvLuSbKHNL_57ebvwtK3Fbz0tfo7iIkCcfr9A_Ex1gPigem-SW12XOcihyIN2eWsxva6H-xco1MvIamezQjaWmIPLDtAhkz0H6_A7YTLGglFOa02QgAnJKpMmnSCGjOL9Ac_1N4A:1uLd3C:W4fYAMyzo7axxbrqSkx_7zlXgmfiuQRgc93J6BdfjCg", "expire_date": "2025-06-15T07:24:10.633Z"}}, {"model": "sessions.session", "pk": "qfzpv9nvxaty2a1xl85emptxe2npvxk6", "fields": {"session_data": ".eJxVjMsOwiAQRf-FtSHt8Ci4dO83EGYGpGogKe3K-O_apAvd3nPOfYkQt7WEraclzCzOAkCcfkeM9Eh1J3yP9dYktbouM8pdkQft8to4PS-H-3dQYi_fWpElDcqNA44M1kVLSmc2lA1k7dBHxoE4oVegyTie0HjlcvI0AbMW7w8PADie:1uP2Mm:fXnLmHaZen4CgoCa-lHaej9ZfMMNu8f3_OoiFklcWf4", "expire_date": "2025-06-24T17:02:28.420Z"}}, {"model": "sessions.session", "pk": "tb1yat3pgobw4uo522g3aa0rg1wyyv4h", "fields": {"session_data": ".eJxVjDEOAiEQRe9CbYjDLAEs7T0DGQaQVQPJslttvLuSbKHNL_57ebvwtK3Fbz0tfo7iIkCcfr9A_Ex1gPigem-SW12XOcihyIN2eWsxva6H-xco1MvIamezQjaWmIPLDtAhkz0H6_A7YTLGglFOa02QgAnJKpMmnSCGjOL9Ac_1N4A:1ttmJO:vo3Jf_3GQdvbL7iTvHOgmIAJ7X2YUlbf1kSnhaOlH5E", "expire_date": "2025-03-30T11:37:46.313Z"}}, {"model": "sessions.session", "pk": "u1zlsx15b63bf6gutezykhmn67mv5der", "fields": {"session_data": ".eJxVjDEOAiEQRe9CbYjDLAEs7T0DGQaQVQPJslttvLuSbKHNL_57ebvwtK3Fbz0tfo7iIkCcfr9A_Ex1gPigem-SW12XOcihyIN2eWsxva6H-xco1MvIamezQjaWmIPLDtAhkz0H6_A7YTLGglFOa02QgAnJKpMmnSCGjOL9Ac_1N4A:1uQwBZ:eJgliwjZMOzcJuW4Dyass5e18vqGCosFw40WfLGn8G8", "expire_date": "2025-06-29T22:50:45.042Z"}}, {"model": "sessions.session", "pk": "u3e9lz74jpwxeflqnm2l8o5w0juhiwol", "fields": {"session_data": ".eJxVjMsOwiAQRf-FtSHt8Ci4dO83EGYGpGogKe3K-O_apAvd3nPOfYkQt7WEraclzCzOAkCcfkeM9Eh1J3yP9dYktbouM8pdkQft8to4PS-H-3dQYi_fWpElDcqNA44M1kVLSmc2lA1k7dBHxoE4oVegyTie0HjlcvI0AbMW7w8PADie:1uQr3F:wziUc1vdoI34OZ23W8Bw_QGTY23tWG-qQzvNL-cjg9o", "expire_date": "2025-06-29T17:21:49.385Z"}}, {"model": "sessions.session", "pk": "v7yuindn874ym38cd9198ez7n9p2c09t", "fields": {"session_data": ".eJxVjDEOAiEQRe9CbYjDLAEs7T0DGQaQVQPJslttvLuSbKHNL_57ebvwtK3Fbz0tfo7iIkCcfr9A_Ex1gPigem-SW12XOcihyIN2eWsxva6H-xco1MvIamezQjaWmIPLDtAhkz0H6_A7YTLGglFOa02QgAnJKpMmnSCGjOL9Ac_1N4A:1ttmKx:zJ3Z2hjr4t6Pu6GIe4UXD9c9kZmz6PBgJ5DAa2InHy8", "expire_date": "2025-03-30T11:39:23.715Z"}}, {"model": "sessions.session", "pk": "v85nfvgmxsmavq57dz05sgz0nwmh7r1o", "fields": {"session_data": ".eJxVjDEOAiEQRe9CbYjDLAEs7T0DGQaQVQPJslttvLuSbKHNL_57ebvwtK3Fbz0tfo7iIkCcfr9A_Ex1gPigem-SW12XOcihyIN2eWsxva6H-xco1MvIamezQjaWmIPLDtAhkz0H6_A7YTLGglFOa02QgAnJKpMmnSCGjOL9Ac_1N4A:1ttU0c:mbRMvZp7dP14VhYeRbsgAg5Q8v7ZFJ_9eoqvuLDrHpc", "expire_date": "2025-03-29T16:05:10.463Z"}}, {"model": "sessions.session", "pk": "wllxyet7k9mliah2qtolkzzx7983f1bg", "fields": {"session_data": ".eJxVjDEOAiEQRe9CbYjDLAEs7T0DGQaQVQPJslttvLuSbKHNL_57ebvwtK3Fbz0tfo7iIkCcfr9A_Ex1gPigem-SW12XOcihyIN2eWsxva6H-xco1MvIamezQjaWmIPLDtAhkz0H6_A7YTLGglFOa02QgAnJKpMmnSCGjOL9Ac_1N4A:1uPO4X:-QB5npPYH_6ZhSScVuI2slqb57jDcrcw-V6gqPs0d4c", "expire_date": "2025-06-25T16:13:05.177Z"}}, {"model": "sessions.session", "pk": "ws83abktxifanvkxyq0hlv7bfrcpda93", "fields": {"session_data": ".eJxVjMsOwiAQRf-FtSHt8Ci4dO83EGYGpGogKe3K-O_apAvd3nPOfYkQt7WEraclzCzOAkCcfkeM9Eh1J3yP9dYktbouM8pdkQft8to4PS-H-3dQYi_fWpElDcqNA44M1kVLSmc2lA1k7dBHxoE4oVegyTie0HjlcvI0AbMW7w8PADie:1uQr9u:O7uyCw8J9VIiA30OEPJYH8jaWyUQQd2HnzFZS-vpFpY", "expire_date": "2025-06-29T17:28:42.552Z"}}, {"model": "sessions.session", "pk": "y2x64mff34irr8xgyxryi8kk8145bws6", "fields": {"session_data": ".eJxVjDEOAiEQRe9CbYjDLAEs7T0DGQaQVQPJslttvLuSbKHNL_57ebvwtK3Fbz0tfo7iIkCcfr9A_Ex1gPigem-SW12XOcihyIN2eWsxva6H-xco1MvIamezQjaWmIPLDtAhkz0H6_A7YTLGglFOa02QgAnJKpMmnSCGjOL9Ac_1N4A:1ttmJL:03RG0SNrtxImffWpdmTtSL0KDCNuZtVRymYV8Lfvw2g", "expire_date": "2025-03-30T11:37:43.624Z"}}, {"model": "sessions.session", "pk": "zuvhqod5n1d2rzh9u3bjp4z65rcho6wk", "fields": {"session_data": ".eJxVjDEOAiEQRe9CbYjDLAEs7T0DGQaQVQPJslttvLuSbKHNL_57ebvwtK3Fbz0tfo7iIkCcfr9A_Ex1gPigem-SW12XOcihyIN2eWsxva6H-xco1MvIamezQjaWmIPLDtAhkz0H6_A7YTLGglFOa02QgAnJKpMmnSCGjOL9Ac_1N4A:1uMpiw:wtpQFFpvSQx5iyG8Rza3CITAi5v1g3D5EXB0oAeGKaI", "expire_date": "2025-06-18T15:08:14.158Z"}}, {"model": "auth.permission", "pk": 1, "fields": {"name": "Can add log entry", "content_type": 1, "codename": "add_logentry"}}, {"model": "auth.permission", "pk": 2, "fields": {"name": "Can change log entry", "content_type": 1, "codename": "change_logentry"}}, {"model": "auth.permission", "pk": 3, "fields": {"name": "Can delete log entry", "content_type": 1, "codename": "delete_logentry"}}, {"model": "auth.permission", "pk": 4, "fields": {"name": "Can view log entry", "content_type": 1, "codename": "view_logentry"}}, {"model": "auth.permission", "pk": 5, "fields": {"name": "Can add session", "content_type": 2, "codename": "add_session"}}, {"model": "auth.permission", "pk": 6, "fields": {"name": "Can change session", "content_type": 2, "codename": "change_session"}}, {"model": "auth.permission", "pk": 7, "fields": {"name": "Can delete session", "content_type": 2, "codename": "delete_session"}}, {"model": "auth.permission", "pk": 8, "fields": {"name": "Can view session", "content_type": 2, "codename": "view_session"}}, {"model": "auth.permission", "pk": 9, "fields": {"name": "Can add permission", "content_type": 3, "codename": "add_permission"}}, {"model": "auth.permission", "pk": 10, "fields": {"name": "Can change permission", "content_type": 3, "codename": "change_permission"}}, {"model": "auth.permission", "pk": 11, "fields": {"name": "Can delete permission", "content_type": 3, "codename": "delete_permission"}}, {"model": "auth.permission", "pk": 12, "fields": {"name": "Can view permission", "content_type": 3, "codename": "view_permission"}}, {"model": "auth.permission", "pk": 13, "fields": {"name": "Can add group", "content_type": 4, "codename": "add_group"}}, {"model": "auth.permission", "pk": 14, "fields": {"name": "Can change group", "content_type": 4, "codename": "change_group"}}, {"model": "auth.permission", "pk": 15, "fields": {"name": "Can delete group", "content_type": 4, "codename": "delete_group"}}, {"model": "auth.permission", "pk": 16, "fields": {"name": "Can view group", "content_type": 4, "codename": "view_group"}}, {"model": "auth.permission", "pk": 17, "fields": {"name": "Can add content type", "content_type": 5, "codename": "add_contenttype"}}, {"model": "auth.permission", "pk": 18, "fields": {"name": "Can change content type", "content_type": 5, "codename": "change_contenttype"}}, {"model": "auth.permission", "pk": 19, "fields": {"name": "Can delete content type", "content_type": 5, "codename": "delete_contenttype"}}, {"model": "auth.permission", "pk": 20, "fields": {"name": "Can view content type", "content_type": 5, "codename": "view_contenttype"}}, {"model": "auth.permission", "pk": 21, "fields": {"name": "Can add x", "content_type": 6, "codename": "add_x"}}, {"model": "auth.permission", "pk": 22, "fields": {"name": "Can change x", "content_type": 6, "codename": "change_x"}}, {"model": "auth.permission", "pk": 23, "fields": {"name": "Can delete x", "content_type": 6, "codename": "delete_x"}}, {"model": "auth.permission", "pk": 24, "fields": {"name": "Can view x", "content_type": 6, "codename": "view_x"}}, {"model": "auth.permission", "pk": 25, "fields": {"name": "Can add user", "content_type": 7, "codename": "add_user"}}, {"model": "auth.permission", "pk": 26, "fields": {"name": "Can change user", "content_type": 7, "codename": "change_user"}}, {"model": "auth.permission", "pk": 27, "fields": {"name": "Can delete user", "content_type": 7, "codename": "delete_user"}}, {"model": "auth.permission", "pk": 28, "fields": {"name": "Can view user", "content_type": 7, "codename": "view_user"}}, {"model": "auth.permission", "pk": 29, "fields": {"name": "Can add category", "content_type": 8, "codename": "add_category"}}, {"model": "auth.permission", "pk": 30, "fields": {"name": "Can change category", "content_type": 8, "codename": "change_category"}}, {"model": "auth.permission", "pk": 31, "fields": {"name": "Can delete category", "content_type": 8, "codename": "delete_category"}}, {"model": "auth.permission", "pk": 32, "fields": {"name": "Can view category", "content_type": 8, "codename": "view_category"}}, {"model": "auth.permission", "pk": 33, "fields": {"name": "Can add tags", "content_type": 9, "codename": "add_tags"}}, {"model": "auth.permission", "pk": 34, "fields": {"name": "Can change tags", "content_type": 9, "codename": "change_tags"}}, {"model": "auth.permission", "pk": 35, "fields": {"name": "Can delete tags", "content_type": 9, "codename": "delete_tags"}}, {"model": "auth.permission", "pk": 36, "fields": {"name": "Can view tags", "content_type": 9, "codename": "view_tags"}}, {"model": "auth.permission", "pk": 37, "fields": {"name": "Can add product image", "content_type": 10, "codename": "add_productimage"}}, {"model": "auth.permission", "pk": 38, "fields": {"name": "Can change product image", "content_type": 10, "codename": "change_productimage"}}, {"model": "auth.permission", "pk": 39, "fields": {"name": "Can delete product image", "content_type": 10, "codename": "delete_productimage"}}, {"model": "auth.permission", "pk": 40, "fields": {"name": "Can view product image", "content_type": 10, "codename": "view_productimage"}}, {"model": "auth.permission", "pk": 41, "fields": {"name": "Can add product", "content_type": 11, "codename": "add_product"}}, {"model": "auth.permission", "pk": 42, "fields": {"name": "Can change product", "content_type": 11, "codename": "change_product"}}, {"model": "auth.permission", "pk": 43, "fields": {"name": "Can delete product", "content_type": 11, "codename": "delete_product"}}, {"model": "auth.permission", "pk": 44, "fields": {"name": "Can view product", "content_type": 11, "codename": "view_product"}}, {"model": "auth.permission", "pk": 45, "fields": {"name": "Can add category", "content_type": 12, "codename": "add_category"}}, {"model": "auth.permission", "pk": 46, "fields": {"name": "Can change category", "content_type": 12, "codename": "change_category"}}, {"model": "auth.permission", "pk": 47, "fields": {"name": "Can delete category", "content_type": 12, "codename": "delete_category"}}, {"model": "auth.permission", "pk": 48, "fields": {"name": "Can view category", "content_type": 12, "codename": "view_category"}}, {"model": "auth.permission", "pk": 49, "fields": {"name": "Can add link counter", "content_type": 13, "codename": "add_linkcounter"}}, {"model": "auth.permission", "pk": 50, "fields": {"name": "Can change link counter", "content_type": 13, "codename": "change_linkcounter"}}, {"model": "auth.permission", "pk": 51, "fields": {"name": "Can delete link counter", "content_type": 13, "codename": "delete_linkcounter"}}, {"model": "auth.permission", "pk": 52, "fields": {"name": "Can view link counter", "content_type": 13, "codename": "view_linkcounter"}}, {"model": "auth.permission", "pk": 53, "fields": {"name": "Can add tag", "content_type": 14, "codename": "add_tag"}}, {"model": "auth.permission", "pk": 54, "fields": {"name": "Can change tag", "content_type": 14, "codename": "change_tag"}}, {"model": "auth.permission", "pk": 55, "fields": {"name": "Can delete tag", "content_type": 14, "codename": "delete_tag"}}, {"model": "auth.permission", "pk": 56, "fields": {"name": "Can view tag", "content_type": 14, "codename": "view_tag"}}, {"model": "auth.permission", "pk": 57, "fields": {"name": "Can add tag", "content_type": 15, "codename": "add_tag"}}, {"model": "auth.permission", "pk": 58, "fields": {"name": "Can change tag", "content_type": 15, "codename": "change_tag"}}, {"model": "auth.permission", "pk": 59, "fields": {"name": "Can delete tag", "content_type": 15, "codename": "delete_tag"}}, {"model": "auth.permission", "pk": 60, "fields": {"name": "Can view tag", "content_type": 15, "codename": "view_tag"}}, {"model": "auth.permission", "pk": 61, "fields": {"name": "Can add tagged item", "content_type": 16, "codename": "add_taggeditem"}}, {"model": "auth.permission", "pk": 62, "fields": {"name": "Can change tagged item", "content_type": 16, "codename": "change_taggeditem"}}, {"model": "auth.permission", "pk": 63, "fields": {"name": "Can delete tagged item", "content_type": 16, "codename": "delete_taggeditem"}}, {"model": "auth.permission", "pk": 64, "fields": {"name": "Can view tagged item", "content_type": 16, "codename": "view_taggeditem"}}, {"model": "auth.permission", "pk": 65, "fields": {"name": "Can add cart item", "content_type": 17, "codename": "add_cartitem"}}, {"model": "auth.permission", "pk": 66, "fields": {"name": "Can change cart item", "content_type": 17, "codename": "change_cartitem"}}, {"model": "auth.permission", "pk": 67, "fields": {"name": "Can delete cart item", "content_type": 17, "codename": "delete_cartitem"}}, {"model": "auth.permission", "pk": 68, "fields": {"name": "Can view cart item", "content_type": 17, "codename": "view_cartitem"}}, {"model": "auth.permission", "pk": 69, "fields": {"name": "Can add cart", "content_type": 18, "codename": "add_cart"}}, {"model": "auth.permission", "pk": 70, "fields": {"name": "Can change cart", "content_type": 18, "codename": "change_cart"}}, {"model": "auth.permission", "pk": 71, "fields": {"name": "Can delete cart", "content_type": 18, "codename": "delete_cart"}}, {"model": "auth.permission", "pk": 72, "fields": {"name": "Can view cart", "content_type": 18, "codename": "view_cart"}}, {"model": "auth.permission", "pk": 73, "fields": {"name": "Can add order", "content_type": 19, "codename": "add_order"}}, {"model": "auth.permission", "pk": 74, "fields": {"name": "Can change order", "content_type": 19, "codename": "change_order"}}, {"model": "auth.permission", "pk": 75, "fields": {"name": "Can delete order", "content_type": 19, "codename": "delete_order"}}, {"model": "auth.permission", "pk": 76, "fields": {"name": "Can view order", "content_type": 19, "codename": "view_order"}}, {"model": "auth.permission", "pk": 77, "fields": {"name": "Can add order items", "content_type": 20, "codename": "add_orderitems"}}, {"model": "auth.permission", "pk": 78, "fields": {"name": "Can change order items", "content_type": 20, "codename": "change_orderitems"}}, {"model": "auth.permission", "pk": 79, "fields": {"name": "Can delete order items", "content_type": 20, "codename": "delete_orderitems"}}, {"model": "auth.permission", "pk": 80, "fields": {"name": "Can view order items", "content_type": 20, "codename": "view_orderitems"}}, {"model": "auth.permission", "pk": 81, "fields": {"name": "Can add order item", "content_type": 20, "codename": "add_orderitem"}}, {"model": "auth.permission", "pk": 82, "fields": {"name": "Can change order item", "content_type": 20, "codename": "change_orderitem"}}, {"model": "auth.permission", "pk": 83, "fields": {"name": "Can delete order item", "content_type": 20, "codename": "delete_orderitem"}}, {"model": "auth.permission", "pk": 84, "fields": {"name": "Can view order item", "content_type": 20, "codename": "view_orderitem"}}, {"model": "auth.permission", "pk": 85, "fields": {"name": "Can add courier", "content_type": 21, "codename": "add_courier"}}, {"model": "auth.permission", "pk": 86, "fields": {"name": "Can change courier", "content_type": 21, "codename": "change_courier"}}, {"model": "auth.permission", "pk": 87, "fields": {"name": "Can delete courier", "content_type": 21, "codename": "delete_courier"}}, {"model": "auth.permission", "pk": 88, "fields": {"name": "Can view courier", "content_type": 21, "codename": "view_courier"}}, {"model": "contenttypes.contenttype", "pk": 1, "fields": {"app_label": "admin", "model": "logentry"}}, {"model": "contenttypes.contenttype", "pk": 2, "fields": {"app_label": "sessions", "model": "session"}}, {"model": "contenttypes.contenttype", "pk": 3, "fields": {"app_label": "auth", "model": "permission"}}, {"model": "contenttypes.contenttype", "pk": 4, "fields": {"app_label": "auth", "model": "group"}}, {"model": "contenttypes.contenttype", "pk": 5, "fields": {"app_label": "contenttypes", "model": "contenttype"}}, {"model": "contenttypes.contenttype", "pk": 6, "fields": {"app_label": "accounts", "model": "x"}}, {"model": "contenttypes.contenttype", "pk": 7, "fields": {"app_label": "accounts", "model": "user"}}, {"model": "contenttypes.contenttype", "pk": 8, "fields": {"app_label": "base", "model": "category"}}, {"model": "contenttypes.contenttype", "pk": 9, "fields": {"app_label": "products", "model": "tags"}}, {"model": "contenttypes.contenttype", "pk": 10, "fields": {"app_label": "products", "model": "productimage"}}, {"model": "contenttypes.contenttype", "pk": 11, "fields": {"app_label": "products", "model": "product"}}, {"model": "contenttypes.contenttype", "pk": 12, "fields": {"app_label": "products", "model": "category"}}, {"model": "contenttypes.contenttype", "pk": 13, "fields": {"app_label": "verify_email", "model": "linkcounter"}}, {"model": "contenttypes.contenttype", "pk": 14, "fields": {"app_label": "products", "model": "tag"}}, {"model": "contenttypes.contenttype", "pk": 15, "fields": {"app_label": "taggit", "model": "tag"}}, {"model": "contenttypes.contenttype", "pk": 16, "fields": {"app_label": "taggit", "model": "taggeditem"}}, {"model": "contenttypes.contenttype", "pk": 17, "fields": {"app_label": "cart", "model": "cartitem"}}, {"model": "contenttypes.contenttype", "pk": 18, "fields": {"app_label": "cart", "model": "cart"}}, {"model": "contenttypes.contenttype", "pk": 19, "fields": {"app_label": "orders", "model": "order"}}, {"model": "contenttypes.contenttype", "pk": 20, "fields": {"app_label": "orders", "model": "orderitem"}}, {"model": "contenttypes.contenttype", "pk": 21, "fields": {"app_label": "orders", "model": "courier"}}, {"model": "orders.courier", "pk": 1, "fields": {"courier_id": "courgee3afb34c", "name": "FanCurier", "workin_days_for_delivery": 3, "price": 20, "created_at": "2025-06-12T16:25:37.044Z", "updated_at": "2025-06-12T16:25:37.044Z", "phone": "000000000"}}, {"model": "orders.courier", "pk": 2, "fields": {"courier_id": "cour521af32d3a", "name": "Cargus", "workin_days_for_delivery": 2, "price": 20, "created_at": "2025-06-12T16:25:48.579Z", "updated_at": "2025-06-12T16:25:48.579Z", "phone": "000000001"}}, {"model": "orders.order", "pk": 40, "fields": {"oid": "ordf2c35bedg2", "user": 22, "email": "alexniculaett367@gmail.com", "first_name": "George - Alexandru", "last_name": "Niculae", "phone": "0767310496", "county": "Dâmboviţa", "country": "Romania", "city": "Darza", "postal_code": "137182", "courier": 2, "adress": "Str. Garii nr 301", "created_at": "2025-06-15T15:47:22.014Z", "updated_at": "2025-06-15T15:47:22.084Z", "status": "placed"}}, {"model": "orders.order", "pk": 41, "fields": {"oid": "ordd3ac2fchd3", "user": 22, "email": "alexniculaett367@gmail.com", "first_name": "George - Alexandru", "last_name": "Niculae", "phone": "0767310496", "county": "Dâmboviţa", "country": "Romania", "city": "Darza", "postal_code": "137182", "courier": 2, "adress": "Str. Garii nr 301", "created_at": "2025-06-15T15:48:00.682Z", "updated_at": "2025-06-15T15:48:00.761Z", "status": "placed"}}, {"model": "orders.order", "pk": 42, "fields": {"oid": "ordbccbf333dd", "user": 22, "email": "alexniculaett367@gmail.com", "first_name": "George - Alexandru", "last_name": "Niculae", "phone": "0767310496", "county": "Dâmboviţa", "country": "Romania", "city": "Darza", "postal_code": "137182", "courier": 2, "adress": "Str. Garii nr 301", "created_at": "2025-06-15T17:50:49.417Z", "updated_at": "2025-06-15T17:50:49.505Z", "status": "placed"}}, {"model": "orders.order", "pk": 43, "fields": {"oid": "ord2eg21heg41", "user": 22, "email": "alexniculaett367@gmail.com", "first_name": "George - Alexandru", "last_name": "Niculae", "phone": "0767310496", "county": "Dâmboviţa", "country": "Romania", "city": "Darza", "postal_code": "137182", "courier": 1, "adress": "Str. Garii nr 301", "created_at": "2025-06-15T17:51:31.931Z", "updated_at": "2025-06-15T17:51:32.014Z", "status": "placed"}}, {"model": "orders.order", "pk": 44, "fields": {"oid": "ord3eg154fd5d", "user": 22, "email": "alexniculaett367@gmail.com", "first_name": "George - Alexandru", "last_name": "Niculae", "phone": "0767310496", "county": "Dâmboviţa", "country": "Romania", "city": "Darza", "postal_code": "137182", "courier": 2, "adress": "Str. Garii nr 301", "created_at": "2025-06-15T17:55:03.453Z", "updated_at": "2025-06-15T17:55:03.540Z", "status": "placed"}}, {"model": "orders.order", "pk": 45, "fields": {"oid": "ord3d4bhhg5a4", "user": 22, "email": "alexniculaett367@gmail.com", "first_name": "George - Alexandru", "last_name": "Niculae", "phone": "0767310496", "county": "Dâmboviţa", "country": "Romania", "city": "Darza", "postal_code": "137182", "courier": 2, "adress": "Str. Garii nr 301", "created_at": "2025-06-15T17:55:16.624Z", "updated_at": "2025-06-15T17:55:16.706Z", "status": "placed"}}, {"model": "orders.order", "pk": 46, "fields": {"oid": "ordh1ea13d34a", "user": 22, "email": "alexniculaett367@gmail.com", "first_name": "George - Alexandru", "last_name": "Niculae", "phone": "0767310496", "county": "Dâmboviţa", "country": "Romania", "city": "Darza", "postal_code": "137182", "courier": 1, "adress": "Str. Garii nr 301", "created_at": "2025-06-15T22:35:08.310Z", "updated_at": "2025-06-15T22:35:08.424Z", "status": "placed"}}, {"model": "orders.orderitem", "pk": 17, "fields": {"order": 40, "product": 60, "quantity": 8}}, {"model": "orders.orderitem", "pk": 18, "fields": {"order": 41, "product": 54, "quantity": 5}}, {"model": "orders.orderitem", "pk": 19, "fields": {"order": 42, "product": 62, "quantity": 7}}, {"model": "orders.orderitem", "pk": 20, "fields": {"order": 43, "product": 90, "quantity": 5}}, {"model": "orders.orderitem", "pk": 21, "fields": {"order": 44, "product": 62, "quantity": 6}}, {"model": "orders.orderitem", "pk": 22, "fields": {"order": 45, "product": 83, "quantity": 3}}, {"model": "orders.orderitem", "pk": 23, "fields": {"order": 46, "product": 52, "quantity": 2}}, {"model": "cart.cart", "pk": 1, "fields": {"cid": "cartf53h3acc1c", "user": 22, "created_at": "2025-06-08T14:36:51.017Z", "updated_at": "2025-06-08T14:36:51.026Z"}}, {"model": "products.category", "pk": 1, "fields": {"cid": "catfc4cfhhb44", "title": "Supplements", "image": "category/prew.jpg"}}, {"model": "products.category", "pk": 2, "fields": {"cid": "catfhb3gc21ga", "title": "Clothes", "image": "category/hanorac.jpg"}}, {"model": "products.product", "pk": 51, "fields": {"pid": "prd1ab2cd3e", "title": "UltraWhey", "image": "image/upload/product_images/proteina_3LJx4DP.jpg", "price": "2.12", "description": "This is the product", "is_available": true, "category": 1, "specifications": "specification", "stock": 1555, "featured": true, "sku": "sku001", "date": "2025-05-29T20:16:19Z", "updated": null}}, {"model": "products.product", "pk": 52, "fields": {"pid": "prd2bc3de4f", "title": "MaxWhey", "image": "image/upload/product_images/proteina_I2FjFZR.jpg", "price": "1.97", "description": "This is the product", "is_available": true, "category": 1, "specifications": "specification", "stock": 3390, "featured": false, "sku": "sku002", "date": "2025-05-29T20:16:19Z", "updated": null}}, {"model": "products.product", "pk": 53, "fields": {"pid": "prd3cd4ef5g", "title": "ProMax", "image": "image/upload/product_images/proteina_rAu4kwA.jpg", "price": "2.54", "description": "This is the product", "is_available": true, "category": 1, "specifications": "specification", "stock": 523, "featured": true, "sku": "sku003", "date": "2025-05-29T20:16:19Z", "updated": null}}, {"model": "products.product", "pk": 54, "fields": {"pid": "prd4de5fg6h", "title": "LeanPro", "image": "image/upload/product_images/proteina_wI3btUi.jpg", "price": "1.35", "description": "This is the product", "is_available": true, "category": 1, "specifications": "specification", "stock": 0, "featured": false, "sku": "sku004", "date": "2025-05-29T20:16:19Z", "updated": null}}, {"model": "products.product", "pk": 55, "fields": {"pid": "prd5ef6gh7i", "title": "MassFusion", "image": "image/upload/product_images/proteina_ltNdWQ0.jpg", "price": "2.89", "description": "This is the product", "is_available": true, "category": 1, "specifications": "specification", "stock": 212, "featured": true, "sku": "sku005", "date": "2025-05-29T20:16:19Z", "updated": null}}, {"model": "products.product", "pk": 56, "fields": {"pid": "prd6fg7hi8j", "title": "PowerMix", "image": "image/upload/product_images/proteina_fHIuerj.jpg", "price": "1.54", "description": "This is the product", "is_available": true, "category": 1, "specifications": "specification", "stock": 318, "featured": false, "sku": "sku006", "date": "2025-05-29T20:16:19Z", "updated": null}}, {"model": "products.product", "pk": 57, "fields": {"pid": "prd7gh8ij9k", "title": "IsoPure", "image": "image/upload/product_images/proteina_Ib16lBV.jpg", "price": "2.43", "description": "This is the product", "is_available": true, "category": 1, "specifications": "specification", "stock": 5, "featured": true, "sku": "sku007", "date": "2025-05-29T20:16:19Z", "updated": null}}, {"model": "products.product", "pk": 58, "fields": {"pid": "prd8hi9jk0l", "title": "MaxWhey", "image": "image/upload/product_images/proteina_G4dFe86.jpg", "price": "1.99", "description": "This is the product", "is_available": true, "category": 1, "specifications": "specification", "stock": 4123, "featured": false, "sku": "sku008", "date": "2025-05-29T20:16:19Z", "updated": null}}, {"model": "products.product", "pk": 59, "fields": {"pid": "prd9ij0kl1m", "title": "UltraMass", "image": "image/upload/product_images/proteina_kZyIFyK.jpg", "price": "2.76", "description": "This is the product", "is_available": true, "category": 1, "specifications": "specification", "stock": 0, "featured": true, "sku": "sku009", "date": "2025-05-29T20:16:19Z", "updated": null}}, {"model": "products.product", "pk": 60, "fields": {"pid": "prd0jk1lm2n", "title": "HyperWhey", "image": "image/upload/product_images/proteina.jpg", "price": "2.24", "description": "This is the product", "is_available": true, "category": 1, "specifications": "specification", "stock": 436, "featured": false, "sku": "sku010", "date": "2025-05-29T20:16:19Z", "updated": null}}, {"model": "products.product", "pk": 61, "fields": {"pid": "prd1kl2mn3o", "title": "PumpFuel", "image": "image/upload/product_images/prew_x7weSAJ.jpg", "price": "1.49", "description": "This is the product", "is_available": true, "category": 1, "specifications": "specification", "stock": 402, "featured": true, "sku": "sku011", "date": "2025-05-29T20:16:19Z", "updated": null}}, {"model": "products.product", "pk": 62, "fields": {"pid": "prd2lm3no4p", "title": "RageBoost", "image": "image/upload/product_images/prew_YNrbvBA.jpg", "price": "2.58", "description": "This is the product", "is_available": true, "category": 1, "specifications": "specification", "stock": 612, "featured": false, "sku": "sku012", "date": "2025-05-29T20:16:19Z", "updated": null}}, {"model": "products.product", "pk": 63, "fields": {"pid": "prd3mn4op5q", "title": "NitroBlast", "image": "image/upload/product_images/prew_wtyrd2c.jpg", "price": "2.18", "description": "This is the product", "is_available": true, "category": 1, "specifications": "specification", "stock": 4123, "featured": true, "sku": "sku013", "date": "2025-05-29T20:16:19Z", "updated": null}}, {"model": "products.product", "pk": 64, "fields": {"pid": "prd4no5pq6r", "title": "StormForce", "image": "image/upload/product_images/prew_JsA0F0M.jpg", "price": "1.68", "description": "This is the product", "is_available": true, "category": 1, "specifications": "specification", "stock": 213, "featured": false, "sku": "sku014", "date": "2025-05-29T20:16:19Z", "updated": null}}, {"model": "products.product", "pk": 65, "fields": {"pid": "prd5op6qr7s", "title": "Ignite", "image": "image/upload/product_images/prew.jpg", "price": "1.83", "description": "This is the product", "is_available": true, "category": 1, "specifications": "specification", "stock": 443, "featured": true, "sku": "sku015", "date": "2025-05-29T20:16:19Z", "updated": null}}, {"model": "products.product", "pk": 66, "fields": {"pid": "prd6pq7rs8t", "title": "ChocoCrunch", "image": "image/upload/product_images/baton_wVEIM1U.jpg", "price": "1.47", "description": "This is the product", "is_available": true, "category": 1, "specifications": "specification", "stock": 321, "featured": false, "sku": "sku016", "date": "2025-05-29T20:16:19Z", "updated": null}}, {"model": "products.product", "pk": 67, "fields": {"pid": "prd7qr8st9u", "title": "EnergyBite", "image": "image/upload/product_images/baton_0YapE2r.jpg", "price": "2.64", "description": "This is the product", "is_available": true, "category": 1, "specifications": "specification", "stock": 200, "featured": true, "sku": "sku017", "date": "2025-05-29T20:16:19Z", "updated": null}}, {"model": "products.product", "pk": 68, "fields": {"pid": "prd8rs9tu0v", "title": "MaxBar", "image": "image/upload/product_images/baton_siggPUE.jpg", "price": "1.92", "description": "This is the product", "is_available": true, "category": 1, "specifications": "specification", "stock": 554, "featured": false, "sku": "sku018", "date": "2025-05-29T20:16:19Z", "updated": null}}, {"model": "products.product", "pk": 69, "fields": {"pid": "prd9st0uv1w", "title": "ProSnack", "image": "image/upload/product_images/baton_DeqnoH6.jpg", "price": "1.76", "description": "This is the product", "is_available": true, "category": 1, "specifications": "specification", "stock": 5321, "featured": true, "sku": "sku019", "date": "2025-05-29T20:16:19Z", "updated": null}}, {"model": "products.product", "pk": 70, "fields": {"pid": "prd0tu1vw2x", "title": "SnackPro", "image": "image/upload/product_images/baton_v4bsmUh.jpg", "price": "2.37", "description": "This is the product", "is_available": true, "category": 1, "specifications": "specification", "stock": 5523, "featured": false, "sku": "sku020", "date": "2025-05-29T20:16:19Z", "updated": null}}, {"model": "products.product", "pk": 71, "fields": {"pid": "prd1uv2wx3y", "title": "ChocoFuel", "image": "image/upload/product_images/baton_rLXFfBf.jpg", "price": "2.19", "description": "This is the product", "is_available": true, "category": 1, "specifications": "specification", "stock": 2312, "featured": true, "sku": "sku021", "date": "2025-05-29T20:16:19Z", "updated": null}}, {"model": "products.product", "pk": 72, "fields": {"pid": "prd2vw3xy4z", "title": "MonoCre", "image": "image/upload/product_images/baton.jpg", "price": "1.61", "description": "This is the product", "is_available": true, "category": 1, "specifications": "specification", "stock": 566, "featured": false, "sku": "sku022", "date": "2025-05-29T20:16:19Z", "updated": null}}, {"model": "products.product", "pk": 73, "fields": {"pid": "prd3wx4yz5a", "title": "MegaCre", "image": "image/upload/product_images/creatina_mon_v4DbkAy.jpg", "price": "2.48", "description": "This is the product", "is_available": true, "category": 1, "specifications": "specification", "stock": 5241, "featured": true, "sku": "sku023", "date": "2025-05-29T20:16:19Z", "updated": null}}, {"model": "products.product", "pk": 74, "fields": {"pid": "prd4yz5ab6b", "title": "UltraCre", "image": "image/upload/product_images/creatina_mon_CcNynZN.jpg", "price": "1.97", "description": "This is the product", "is_available": true, "category": 1, "specifications": "specification", "stock": 251, "featured": false, "sku": "sku024", "date": "2025-05-29T20:16:19Z", "updated": null}}, {"model": "products.product", "pk": 75, "fields": {"pid": "prd5ab6bc7c", "title": "PureCreatine", "image": "image/upload/product_images/creatina_mon_NsLtpDj.jpg", "price": "2.58", "description": "This is the product", "is_available": true, "category": 1, "specifications": "specification", "stock": 77, "featured": true, "sku": "sku025", "date": "2025-05-29T20:16:19Z", "updated": null}}, {"model": "products.product", "pk": 76, "fields": {"pid": "prd6bc7cd8d", "title": "HyperCre", "image": "image/upload/product_images/creatina_mon_bJsPs5a.jpg", "price": "1.89", "description": "This is the product", "is_available": true, "category": 1, "specifications": "specification", "stock": 123, "featured": false, "sku": "sku026", "date": "2025-05-29T20:16:19Z", "updated": null}}, {"model": "products.product", "pk": 77, "fields": {"pid": "prd7cd8de9e", "title": "CreX", "image": "image/upload/product_images/creatina_mon_8cP6mkG.jpg", "price": "2.11", "description": "This is the product", "is_available": true, "category": 1, "specifications": "specification", "stock": 542, "featured": true, "sku": "sku027", "date": "2025-05-29T20:16:19Z", "updated": null}}, {"model": "products.product", "pk": 78, "fields": {"pid": "prd8de9ef0f", "title": "BlastCre", "image": "image/upload/product_images/creatina_mon_UggXk6R.jpg", "price": "1.67", "description": "This is the product", "is_available": true, "category": 1, "specifications": "specification", "stock": 300, "featured": false, "sku": "sku028", "date": "2025-05-29T20:16:19Z", "updated": null}}, {"model": "products.product", "pk": 79, "fields": {"pid": "prd9ef0fg1g", "title": "CreForce", "image": "image/upload/product_images/creatina_mon.jpg", "price": "2.09", "description": "This is the product", "is_available": true, "category": 1, "specifications": "specification", "stock": 260, "featured": true, "sku": "sku029", "date": "2025-05-29T20:16:19Z", "updated": null}}, {"model": "products.product", "pk": 80, "fields": {"pid": "prdzzx001a", "title": "Maieu Sport Negru", "image": "image/upload/product_images/maieu_r1eGW7z.jpeg", "price": "49.99", "description": "Maieu sport ideal pentru vară.", "is_available": true, "category": 2, "specifications": "Compoziție: 95% bumbac", "stock": 25, "featured": false, "sku": "sku030", "date": "2025-06-11T14:47:36Z", "updated": null}}, {"model": "products.product", "pk": 81, "fields": {"pid": "prdzzx002b", "title": "Maieu Alb Clasic", "image": "image/upload/product_images/maieu_re3YtTJ.jpeg", "price": "44.99", "description": "Maieu sport ideal pentru vară.", "is_available": true, "category": 2, "specifications": "Material: respirabil", "stock": 30, "featured": false, "sku": "sku031", "date": "2025-06-11T14:47:36Z", "updated": null}}, {"model": "products.product", "pk": 82, "fields": {"pid": "prdzzx003c", "title": "Maieu Slim Fit", "image": "image/upload/product_images/maieu_d5SIewj.jpeg", "price": "59.99", "description": "Maieu sport ideal pentru vară.", "is_available": true, "category": 2, "specifications": "Potrivire: Slim", "stock": 4, "featured": false, "sku": "sku032", "date": "2025-06-11T14:47:36Z", "updated": null}}, {"model": "products.product", "pk": 83, "fields": {"pid": "prdzzx004d", "title": "Maieu Verde Neon", "image": "image/upload/product_images/maieu_f2HBbcI.jpeg", "price": "42.99", "description": "Maieu sport ideal pentru vară.", "is_available": true, "category": 2, "specifications": "Stil urban", "stock": 17, "featured": false, "sku": "sku033", "date": "2025-06-11T14:47:36Z", "updated": null}}, {"model": "products.product", "pk": 84, "fields": {"pid": "prdzzx005e", "title": "Maieu Mesh Negru", "image": "image/upload/product_images/maieu_bzmJvsh.jpeg", "price": "51.99", "description": "Maieu sport ideal pentru vară.", "is_available": true, "category": 2, "specifications": "Respirabil", "stock": 22, "featured": false, "sku": "sku034", "date": "2025-06-11T14:47:36Z", "updated": null}}, {"model": "products.product", "pk": 85, "fields": {"pid": "prdzzx006f", "title": "Hanorac Gri Oversized", "image": "image/upload/product_images/hanorac_Xta19Ho.jpg", "price": "99.99", "description": "Hanorac călduros cu design modern.", "is_available": true, "category": 2, "specifications": "Interior fleece", "stock": 17, "featured": false, "sku": "sku035", "date": "2025-06-11T14:47:36Z", "updated": null}}, {"model": "products.product", "pk": 86, "fields": {"pid": "prdzzx007g", "title": "Hanorac Negru Zipper", "image": "image/upload/product_images/hanorac_xM5U5zy.jpg", "price": "89.99", "description": "Hanorac călduros cu design modern.", "is_available": true, "category": 2, "specifications": "Fermoar frontal", "stock": 20, "featured": false, "sku": "sku036", "date": "2025-06-11T14:47:36Z", "updated": null}}, {"model": "products.product", "pk": 87, "fields": {"pid": "prdzzx008h", "title": "Hanorac Bleumarin Logo", "image": "image/upload/product_images/hanorac_U71iKzF.jpg", "price": "109.99", "description": "Hanorac călduros cu design modern.", "is_available": true, "category": 2, "specifications": "Logo brodat", "stock": 15, "featured": false, "sku": "sku037", "date": "2025-06-11T14:47:36Z", "updated": null}}, {"model": "products.product", "pk": 88, "fields": {"pid": "prdzzx009i", "title": "Hanorac Verde Urban", "image": "image/upload/product_images/hanorac_ISM2hDx.jpg", "price": "95.99", "description": "Hanorac călduros cu design modern.", "is_available": true, "category": 2, "specifications": "Stil casual", "stock": 21, "featured": false, "sku": "sku038", "date": "2025-06-11T14:47:36Z", "updated": null}}, {"model": "products.product", "pk": 89, "fields": {"pid": "prdzzx010j", "title": "Hanorac SportFit", "image": "image/upload/product_images/hanorac_NqKiEM6.jpg", "price": "105.99", "description": "Hanorac călduros cu design modern.", "is_available": true, "category": 2, "specifications": "Potrivire sport", "stock": 24, "featured": false, "sku": "sku039", "date": "2025-06-11T14:47:36Z", "updated": null}}, {"model": "products.product", "pk": 90, "fields": {"pid": "prdzzx011k", "title": "Shorts Negru Slim", "image": "image/upload/product_images/shorts_cbMJpeZ.jpeg", "price": "54.99", "description": "Pantaloni scurți confortabili.", "is_available": true, "category": 2, "specifications": "Potrivire slim", "stock": 21, "featured": false, "sku": "sku040", "date": "2025-06-11T14:47:36Z", "updated": null}}, {"model": "products.product", "pk": 91, "fields": {"pid": "prdzzx012l", "title": "Shorts Cargo Verde", "image": "image/upload/product_images/shorts_7F3zn67.jpeg", "price": "59.99", "description": "Pantaloni scurți confortabili.", "is_available": true, "category": 2, "specifications": "Buzunare multiple", "stock": 29, "featured": false, "sku": "sku041", "date": "2025-06-11T14:47:36Z", "updated": null}}, {"model": "products.product", "pk": 92, "fields": {"pid": "prdzzx013m", "title": "Shorts Denim Alb", "image": "image/upload/product_images/shorts_tkfjw3M.jpeg", "price": "49.99", "description": "Pantaloni scurți confortabili.", "is_available": true, "category": 2, "specifications": "Look modern", "stock": 23, "featured": false, "sku": "sku042", "date": "2025-06-11T14:47:36Z", "updated": null}}, {"model": "products.product", "pk": 93, "fields": {"pid": "prdzzx014n", "title": "Shorts Sport Dry", "image": "image/upload/product_images/shorts_yXkiwuv.jpeg", "price": "44.99", "description": "Pantaloni scurți confortabili.", "is_available": true, "category": 2, "specifications": "Material rapid-uscare", "stock": 20, "featured": false, "sku": "sku043", "date": "2025-06-11T14:47:36Z", "updated": null}}, {"model": "products.product", "pk": 94, "fields": {"pid": "prdzzx015o", "title": "Shorts Cu Elastic", "image": "image/upload/product_images/shorts_fHFoTuU.jpeg", "price": "39.99", "description": "Pantaloni scurți confortabili.", "is_available": true, "category": 2, "specifications": "Elastic reglabil", "stock": 25, "featured": false, "sku": "sku044", "date": "2025-06-11T14:47:36Z", "updated": null}}, {"model": "products.product", "pk": 95, "fields": {"pid": "prdzzx016p", "title": "Tricou Alb Basic", "image": "image/upload/product_images/tricou_SoXWWmk.jpg", "price": "39.99", "description": "Tricou casual din bumbac.", "is_available": true, "category": 2, "specifications": "100% bumbac", "stock": 35, "featured": false, "sku": "sku045", "date": "2025-06-11T14:47:36Z", "updated": null}}, {"model": "products.product", "pk": 96, "fields": {"pid": "prdzzx017q", "title": "Tricou Oversized Negru", "image": "image/upload/product_images/tricou_11w0I6k.jpg", "price": "45.99", "description": "Tricou casual din bumbac.", "is_available": true, "category": 2, "specifications": "Croială oversize", "stock": 31, "featured": false, "sku": "sku046", "date": "2025-06-11T14:47:36Z", "updated": null}}, {"model": "products.product", "pk": 97, "fields": {"pid": "prdzzx018r", "title": "Tricou Grafic Urban", "image": "image/upload/product_images/tricou_PEm8u19.jpg", "price": "52.99", "description": "Tricou casual din bumbac.", "is_available": true, "category": 2, "specifications": "Imprimeu grafic", "stock": 27, "featured": false, "sku": "sku047", "date": "2025-06-11T14:47:36Z", "updated": null}}, {"model": "products.product", "pk": 98, "fields": {"pid": "prdzzx019s", "title": "Tricou Dri-Fit Albastru", "image": "image/upload/product_images/tricou_ls2er8O.jpg", "price": "48.99", "description": "Tricou casual din bumbac.", "is_available": true, "category": 2, "specifications": "Tehnologie Dri-Fit", "stock": 22, "featured": false, "sku": "sku048", "date": "2025-06-11T14:47:36Z", "updated": null}}, {"model": "products.product", "pk": 99, "fields": {"pid": "prdzzx020t", "title": "Tricou Retro", "image": "image/upload/product_images/tricou_Wa5MtM1.jpg", "price": "43.99", "description": "Tricou casual din bumbac.", "is_available": true, "category": 2, "specifications": "Stil retro", "stock": 29, "featured": false, "sku": "sku049", "date": "2025-06-11T14:47:36Z", "updated": null}}, {"model": "products.product", "pk": 100, "fields": {"pid": "prdzzx021u", "title": "Maieu Colorblock", "image": "image/upload/product_images/maieu_nO9NIHJ.jpeg", "price": "41.99", "description": "Maieu sport ideal pentru vară.", "is_available": true, "category": 2, "specifications": "Design colorblock", "stock": 18, "featured": false, "sku": "sku050", "date": "2025-06-11T14:47:36Z", "updated": null}}, {"model": "products.product", "pk": 101, "fields": {"pid": "prdzzx022v", "title": "Hanorac Streetwear", "image": "image/upload/product_images/hanorac_HZwZW6A.jpg", "price": "114.99", "description": "Hanorac călduros cu design modern.", "is_available": true, "category": 2, "specifications": "Stil street", "stock": 19, "featured": false, "sku": "sku051", "date": "2025-06-11T14:47:36Z", "updated": null}}, {"model": "products.product", "pk": 102, "fields": {"pid": "prdzzx023w", "title": "Shorts Striați", "image": "image/upload/product_images/shorts_furUVtX.jpeg", "price": "47.99", "description": "Pantaloni scurți confortabili.", "is_available": true, "category": 2, "specifications": "Detalii striate", "stock": 17, "featured": false, "sku": "sku052", "date": "2025-06-11T14:47:36Z", "updated": null}}, {"model": "products.product", "pk": 103, "fields": {"pid": "prdzzx024x", "title": "Tricou Minimal Gri", "image": "image/upload/product_images/tricou_6GPieUt.jpg", "price": "39.99", "description": "Tricou casual din bumbac.", "is_available": true, "category": 2, "specifications": "Look simplu", "stock": 30, "featured": false, "sku": "sku053", "date": "2025-06-11T14:47:36Z", "updated": null}}, {"model": "products.product", "pk": 104, "fields": {"pid": "prdzzx025y", "title": "Shorts Termici", "image": "image/upload/product_images/shorts_KOKuFxo.jpeg", "price": "53.99", "description": "Pantaloni scurți confortabili.", "is_available": true, "category": 2, "specifications": "Funcție termică", "stock": 16, "featured": false, "sku": "sku054", "date": "2025-06-11T14:47:36Z", "updated": null}}, {"model": "products.product", "pk": 105, "fields": {"pid": "prdzzx026z", "title": "Hanorac Alb Logo", "image": "image/upload/product_images/hanorac.jpg", "price": "98.99", "description": "Hanorac călduros cu design modern.", "is_available": true, "category": 2, "specifications": "Logo frontal", "stock": 20, "featured": false, "sku": "sku055", "date": "2025-06-11T14:47:36Z", "updated": null}}, {"model": "products.product", "pk": 106, "fields": {"pid": "prdzzx027a", "title": "Shorts Lejeri", "image": "image/upload/product_images/shorts.jpeg", "price": "45.99", "description": "Pantaloni scurți confortabili.", "is_available": true, "category": 2, "specifications": "Lejer și respirabil", "stock": 21, "featured": false, "sku": "sku056", "date": "2025-06-11T14:47:36Z", "updated": null}}, {"model": "products.product", "pk": 107, "fields": {"pid": "prdzzx028b", "title": "Tricou Mesh Sport", "image": "image/upload/product_images/tricou_ZRSvtXG.jpg", "price": "49.99", "description": "Tricou casual din bumbac.", "is_available": true, "category": 2, "specifications": "Inserții mesh", "stock": 24, "featured": false, "sku": "sku057", "date": "2025-06-11T14:47:36Z", "updated": null}}, {"model": "products.product", "pk": 108, "fields": {"pid": "prdzzx029c", "title": "Tricou Portocaliu", "image": "image/upload/product_images/tricou.jpg", "price": "44.99", "description": "Tricou casual din bumbac.", "is_available": true, "category": 2, "specifications": "Culoare vibrantă", "stock": 28, "featured": false, "sku": "sku058", "date": "2025-06-11T14:47:36Z", "updated": null}}, {"model": "products.product", "pk": 109, "fields": {"pid": "prdzzx030d", "title": "Maieu Clasic Gri", "image": "image/upload/product_images/maieu.jpeg", "price": "46.99", "description": "Maieu sport ideal pentru vară.", "is_available": true, "category": 2, "specifications": "Versatil și confortabil", "stock": 26, "featured": false, "sku": "sku059", "date": "2025-06-11T14:47:36Z", "updated": null}}, {"model": "accounts.user", "pk": 1, "fields": {"password": "pbkdf2_sha256$870000$zIbpQY8PSCVSzvYvbASPKe$LAOz87MhwDct7GuRJXeGZ/YLUbC1AuoIS90RaRfDIqs=", "last_login": "2025-06-15T22:50:44.988Z", "is_superuser": true, "first_name": "Alex", "last_name": "Niculae", "is_staff": true, "date_joined": "2025-03-15T13:35:54Z", "email": "alexniculae367@gmail.com", "username": "AlexNick03", "is_active": true, "is_subscribed": false, "groups": [], "user_permissions": []}}, {"model": "accounts.user", "pk": 4, "fields": {"password": "pbkdf2_sha256$870000$EFNWsiAfEHwfnIpPfOE0Vx$wdG0FthWYgDRp+FwzBJL/d/WCmWZ3CN0ftzViRamfkM=", "last_login": null, "is_superuser": false, "first_name": "Bogdan", "last_name": "Niculae", "is_staff": false, "date_joined": "2025-03-15T16:07:36.288Z", "email": "bodi@gmail.com", "username": "Mester", "is_active": true, "is_subscribed": false, "groups": [], "user_permissions": []}}, {"model": "accounts.user", "pk": 5, "fields": {"password": "pbkdf2_sha256$870000$LslzsR4aOZOHC5a1HDyvtP$5j7Z2osGS07jWk74bVH7yvJNcQXCq6S9XTv6LcPr/Ww=", "last_login": null, "is_superuser": false, "first_name": "Camelia", "last_name": "Niculae", "is_staff": false, "date_joined": "2025-03-15T17:20:50.925Z", "email": "cami@gmail.com", "username": "Cami123", "is_active": true, "is_subscribed": false, "groups": [], "user_permissions": []}}, {"model": "accounts.user", "pk": 7, "fields": {"password": "pbkdf2_sha256$870000$FdKxP9vDR2L6xPf0rDdbc7$4WJ3g6CocUlMwtaaPv5UzqfiHmWT/xm6GG0Z1KX+HJo=", "last_login": null, "is_superuser": false, "first_name": "Mihai", "last_name": "Vasile", "is_staff": false, "date_joined": "2025-03-27T08:35:39.460Z", "email": "mihai32@gmail.com", "username": "Mihaitza", "is_active": true, "is_subscribed": false, "groups": [], "user_permissions": []}}, {"model": "accounts.user", "pk": 8, "fields": {"password": "pbkdf2_sha256$870000$rIhaY6cNbErdhpyhtBVtIP$YwykCOtzOFvFKAObEjCxivvjimJyMX7qbqANLxKMzmY=", "last_login": "2025-05-29T18:20:23.680Z", "is_superuser": false, "first_name": "Ionut", "last_name": "Mocanu", "is_staff": false, "date_joined": "2025-05-29T18:19:52.857Z", "email": "mocanuionut@gmail.com", "username": "Mocky123", "is_active": true, "is_subscribed": false, "groups": [], "user_permissions": []}}, {"model": "accounts.user", "pk": 22, "fields": {"password": "pbkdf2_sha256$870000$QBCxu1qppGb6etjaebG5YG$Z1YqxYLeb5gV+oV2n7DjaDr7+W+OL7Kw0Up7vw+YX0I=", "last_login": "2025-06-15T22:47:49.019Z", "is_superuser": false, "first_name": "George - Alexandru", "last_name": "Niculae", "is_staff": false, "date_joined": "2025-06-08T14:28:58Z", "email": "alexniculaett367@gmail.com", "username": "Alexino", "is_active": true, "is_subscribed": true, "groups": [], "user_permissions": []}}, {"model": "verify_email.linkcounter", "pk": 14, "fields": {"requester": 22, "sent_count": 1}}, {"model": "taggit.tag", "pk": 5, "fields": {"name": "Creatina", "slug": "creatina"}}, {"model": "taggit.tag", "pk": 6, "fields": {"name": "Baton-Proteic", "slug": "baton-proteic"}}, {"model": "taggit.tag", "pk": 7, "fields": {"name": "Pre-Workout", "slug": "pre-workout"}}, {"model": "taggit.tag", "pk": 8, "fields": {"name": "Protein", "slug": "protein"}}, {"model": "taggit.tag", "pk": 9, "fields": {"name": "Maieu", "slug": "maieu"}}, {"model": "taggit.tag", "pk": 10, "fields": {"name": "tricou", "slug": "tricou"}}, {"model": "taggit.tag", "pk": 11, "fields": {"name": "Hanorac", "slug": "hanorac"}}, {"model": "taggit.tag", "pk": 12, "fields": {"name": "Short", "slug": "short"}}, {"model": "taggit.taggeditem", "pk": 1, "fields": {"tag": 5, "content_type": 11, "object_id": 79}}, {"model": "taggit.taggeditem", "pk": 2, "fields": {"tag": 5, "content_type": 11, "object_id": 78}}, {"model": "taggit.taggeditem", "pk": 3, "fields": {"tag": 5, "content_type": 11, "object_id": 77}}, {"model": "taggit.taggeditem", "pk": 4, "fields": {"tag": 5, "content_type": 11, "object_id": 76}}, {"model": "taggit.taggeditem", "pk": 5, "fields": {"tag": 5, "content_type": 11, "object_id": 75}}, {"model": "taggit.taggeditem", "pk": 6, "fields": {"tag": 5, "content_type": 11, "object_id": 74}}, {"model": "taggit.taggeditem", "pk": 7, "fields": {"tag": 5, "content_type": 11, "object_id": 73}}, {"model": "taggit.taggeditem", "pk": 10, "fields": {"tag": 6, "content_type": 11, "object_id": 72}}, {"model": "taggit.taggeditem", "pk": 11, "fields": {"tag": 6, "content_type": 11, "object_id": 70}}, {"model": "taggit.taggeditem", "pk": 12, "fields": {"tag": 6, "content_type": 11, "object_id": 69}}, {"model": "taggit.taggeditem", "pk": 13, "fields": {"tag": 6, "content_type": 11, "object_id": 68}}, {"model": "taggit.taggeditem", "pk": 14, "fields": {"tag": 6, "content_type": 11, "object_id": 67}}, {"model": "taggit.taggeditem", "pk": 15, "fields": {"tag": 6, "content_type": 11, "object_id": 66}}, {"model": "taggit.taggeditem", "pk": 16, "fields": {"tag": 7, "content_type": 11, "object_id": 65}}, {"model": "taggit.taggeditem", "pk": 17, "fields": {"tag": 7, "content_type": 11, "object_id": 64}}, {"model": "taggit.taggeditem", "pk": 18, "fields": {"tag": 7, "content_type": 11, "object_id": 63}}, {"model": "taggit.taggeditem", "pk": 19, "fields": {"tag": 7, "content_type": 11, "object_id": 62}}, {"model": "taggit.taggeditem", "pk": 20, "fields": {"tag": 7, "content_type": 11, "object_id": 61}}, {"model": "taggit.taggeditem", "pk": 21, "fields": {"tag": 8, "content_type": 11, "object_id": 60}}, {"model": "taggit.taggeditem", "pk": 22, "fields": {"tag": 8, "content_type": 11, "object_id": 59}}, {"model": "taggit.taggeditem", "pk": 23, "fields": {"tag": 8, "content_type": 11, "object_id": 58}}, {"model": "taggit.taggeditem", "pk": 24, "fields": {"tag": 8, "content_type": 11, "object_id": 57}}, {"model": "taggit.taggeditem", "pk": 25, "fields": {"tag": 8, "content_type": 11, "object_id": 56}}, {"model": "taggit.taggeditem", "pk": 26, "fields": {"tag": 8, "content_type": 11, "object_id": 55}}, {"model": "taggit.taggeditem", "pk": 27, "fields": {"tag": 8, "content_type": 11, "object_id": 54}}, {"model": "taggit.taggeditem", "pk": 28, "fields": {"tag": 8, "content_type": 11, "object_id": 53}}, {"model": "taggit.taggeditem", "pk": 29, "fields": {"tag": 8, "content_type": 11, "object_id": 52}}, {"model": "taggit.taggeditem", "pk": 30, "fields": {"tag": 8, "content_type": 11, "object_id": 51}}, {"model": "taggit.taggeditem", "pk": 31, "fields": {"tag": 6, "content_type": 11, "object_id": 71}}, {"model": "taggit.taggeditem", "pk": 32, "fields": {"tag": 9, "content_type": 11, "object_id": 109}}, {"model": "taggit.taggeditem", "pk": 33, "fields": {"tag": 9, "content_type": 11, "object_id": 100}}, {"model": "taggit.taggeditem", "pk": 34, "fields": {"tag": 9, "content_type": 11, "object_id": 84}}, {"model": "taggit.taggeditem", "pk": 35, "fields": {"tag": 9, "content_type": 11, "object_id": 83}}, {"model": "taggit.taggeditem", "pk": 36, "fields": {"tag": 9, "content_type": 11, "object_id": 82}}, {"model": "taggit.taggeditem", "pk": 37, "fields": {"tag": 9, "content_type": 11, "object_id": 81}}, {"model": "taggit.taggeditem", "pk": 38, "fields": {"tag": 9, "content_type": 11, "object_id": 80}}, {"model": "taggit.taggeditem", "pk": 39, "fields": {"tag": 10, "content_type": 11, "object_id": 108}}, {"model": "taggit.taggeditem", "pk": 40, "fields": {"tag": 10, "content_type": 11, "object_id": 107}}, {"model": "taggit.taggeditem", "pk": 41, "fields": {"tag": 10, "content_type": 11, "object_id": 103}}, {"model": "taggit.taggeditem", "pk": 42, "fields": {"tag": 10, "content_type": 11, "object_id": 98}}, {"model": "taggit.taggeditem", "pk": 43, "fields": {"tag": 10, "content_type": 11, "object_id": 96}}, {"model": "taggit.taggeditem", "pk": 44, "fields": {"tag": 10, "content_type": 11, "object_id": 95}}, {"model": "taggit.taggeditem", "pk": 45, "fields": {"tag": 10, "content_type": 11, "object_id": 97}}, {"model": "taggit.taggeditem", "pk": 46, "fields": {"tag": 10, "content_type": 11, "object_id": 99}}, {"model": "taggit.taggeditem", "pk": 47, "fields": {"tag": 11, "content_type": 11, "object_id": 105}}, {"model": "taggit.taggeditem", "pk": 48, "fields": {"tag": 11, "content_type": 11, "object_id": 101}}, {"model": "taggit.taggeditem", "pk": 49, "fields": {"tag": 11, "content_type": 11, "object_id": 89}}, {"model": "taggit.taggeditem", "pk": 50, "fields": {"tag": 11, "content_type": 11, "object_id": 88}}, {"model": "taggit.taggeditem", "pk": 51, "fields": {"tag": 11, "content_type": 11, "object_id": 87}}, {"model": "taggit.taggeditem", "pk": 52, "fields": {"tag": 11, "content_type": 11, "object_id": 86}}, {"model": "taggit.taggeditem", "pk": 53, "fields": {"tag": 11, "content_type": 11, "object_id": 85}}, {"model": "taggit.taggeditem", "pk": 54, "fields": {"tag": 12, "content_type": 11, "object_id": 106}}, {"model": "taggit.taggeditem", "pk": 55, "fields": {"tag": 12, "content_type": 11, "object_id": 104}}, {"model": "taggit.taggeditem", "pk": 56, "fields": {"tag": 12, "content_type": 11, "object_id": 102}}, {"model": "taggit.taggeditem", "pk": 57, "fields": {"tag": 12, "content_type": 11, "object_id": 94}}, {"model": "taggit.taggeditem", "pk": 58, "fields": {"tag": 12, "content_type": 11, "object_id": 92}}, {"model": "taggit.taggeditem", "pk": 59, "fields": {"tag": 12, "content_type": 11, "object_id": 90}}, {"model": "taggit.taggeditem", "pk": 60, "fields": {"tag": 12, "content_type": 11, "object_id": 91}}, {"model": "taggit.taggeditem", "pk": 61, "fields": {"tag": 12, "content_type": 11, "object_id": 93}}]